tipo,empresa,score,fonte,titulo_label,url,data,keywords
site,ABtec Mobilidade,7,https://abtecbr.org/,ABtec Mobilidade | Associação Brasileira de Tecnologia para a Mobilidade,https://abtecbr.org/,,mobilidade urbana|transporte público|dados|IA
site_link,ABtec Mobilidade,2,https://abtecbr.org/,,https://abtecbr.org/,,
site_link,ABtec Mobilidade,2,https://abtecbr.org/,Quem somos,https://abtecbr.org/quem-somos,,
site_link,ABtec Mobilidade,2,https://abtecbr.org/,Manifesto,https://abtecbr.org/manifesto,,
site_link,ABtec Mobilidade,2,https://abtecbr.org/,Membros,https://abtecbr.org/membros,,
site_link,ABtec Mobilidade,3,https://abtecbr.org/,Empresas Associadas,https://abtecbr.org/associadas,,IA
site_link,ABtec Mobilidade,2,https://abtecbr.org/,Grupos de Trabalho,https://abtecbr.org/grupos-de-trabalho,,
site_link,ABtec Mobilidade,2,https://abtecbr.org/,Central de Comunicação,https://abtecbr.org/comunicacao/,,
site_link,ABtec Mobilidade,2,https://abtecbr.org/,Artigos,https://abtecbr.org/comunicacao/artigos,,
site_link,ABtec Mobilidade,2,https://abtecbr.org/,Releases,https://abtecbr.org/comunicacao/releases,,
site_link,ABtec Mobilidade,3,https://abtecbr.org/,Notícias do Setor,https://abtecbr.org/comunicacao/noticias,,IA
site_link,ABtec Mobilidade,3,https://abtecbr.org/,Galeria,https://abtecbr.org/comunicacao/galeria,,IA
site_link,ABtec Mobilidade,2,https://abtecbr.org/,FAQ,https://abtecbr.org/comunicacao/faq,,
site,Bus2,13,https://bus2.me/,Bus2,https://bus2.app/,,cidades inteligentes|mobilidade urbana|transporte público|ônibus|dados|IA|app|aplicativo|frota|monitoramento
site_link,Bus2,3,https://bus2.me/,Home,https://bus2.app/,,app
site_link,Bus2,3,https://bus2.me/,A Bus2,https://bus2.app/sobre-nos.html,,app
site_link,Bus2,3,https://bus2.me/,Informação ao usuário,https://bus2.app/app.html,,app
site_link,Bus2,5,https://bus2.me/,Monitoramento de Dados,https://bus2.app/info.html,,dados|app|monitoramento
site_link,Bus2,5,https://bus2.me/,Inteligência com Dados,https://bus2.app/servicos.html,,dados|IA|app
site_link,Bus2,2,https://bus2.me/,Blog Bus2,https://bus2.blog/,,
site_link,Bus2,3,https://bus2.me/,Fale com a Bus2,https://bus2.app/form-page.html,,app
site_link,Bus2,3,https://bus2.me/,Home,https://bus2.app/index.html,,app
site_link,Bus2,2,https://bus2.me/,,https://www.facebook.com/bus2br,,
site_link,Bus2,2,https://bus2.me/,,https://www.instagram.com/bus2me/,,
site_link,Bus2,2,https://bus2.me/,,https://www.linkedin.com/company/bus2me/,,
site,Cittati,11,https://www.cittati.com.br/,Cittati | Softwares para gestão de frotas de ônibus,https://www.cittati.com.br/,,ITS|transporte público|ônibus|dados|IA|aplicativo|frota|monitoramento
site_link,Cittati,2,https://www.cittati.com.br/,Início,https://www.cittati.com.br/,,
site_link,Cittati,3,https://www.cittati.com.br/,Flits,https://www.cittati.com.br/Flits,,ITS
site_link,Cittati,2,https://www.cittati.com.br/,Ponto Digital,https://www.cittati.com.br/Urbano/PlugIns/Ponto-Digital,,
site_link,Cittati,2,https://www.cittati.com.br/,Kopli,https://www.cittati.com.br/Urbano/PlugIns/Kopli,,
site_link,Cittati,2,https://www.cittati.com.br/,PMV,https://www.cittati.com.br/Urbano/PlugIns/PMV,,
site_link,Cittati,2,https://www.cittati.com.br/,CittaSuper,https://www.cittati.com.br/Urbano/PlugIns/CittaSuper,,
site_link,Cittati,2,https://www.cittati.com.br/,ICS,https://www.cittati.com.br/ics-fretamento,,
site_link,Cittati,2,https://www.cittati.com.br/,Blog,https://www.cittati.com.br/blog,,
site_link,Cittati,2,https://www.cittati.com.br/,Quem Somos,https://www.cittati.com.br/quem-somos,,
site_link,Cittati,2,https://www.cittati.com.br/,Contate-nos,https://www.cittati.com.br/contate-nos,,
site_link,Cittati,2,https://www.cittati.com.br/,#SomosModaxo,https://www.cittati.com.br/we-are-modaxo,,
site_link,Cittati,2,https://www.cittati.com.br/,Español es,https://www.cittati.com.br/es-mx,,
site,Empresa 1,9,https://www.empresa1.com.br/,Empresa 1 Tecnologia - Empresa 1,https://www.empresa1.com.br/,,bilhetagem|transporte público|dados|inteligência artificial|IA|validador|monitoramento|PIX
site_link,Empresa 1,4,https://www.empresa1.com.br/,Empresa 1 Tecnologia,https://www.empresa1.com.br,,IA
site_link,Empresa 1,2,https://www.empresa1.com.br/,A Empresa 1,http://,,
site_link,Empresa 1,2,https://www.empresa1.com.br/,Sobre a Empresa 1,https://www.empresa1.com.br/sobre/,,
site_link,Empresa 1,2,https://www.empresa1.com.br/,Cases,https://www.empresa1.com.br/cases/,,
site_link,Empresa 1,2,https://www.empresa1.com.br/,#WeAreModaxo,https://www.empresa1.com.br/?page_id=376096,,
site_link,Empresa 1,2,https://www.empresa1.com.br/,Transporte,https://www.empresa1.com.br/transporte/,,
site_link,Empresa 1,4,https://www.empresa1.com.br/,Bilhetagem,https://www.empresa1.com.br/solucoes/bilhetagem,,bilhetagem
site_link,Empresa 1,3,https://www.empresa1.com.br/,Validadores,https://www.empresa1.com.br/solucoes/validadores/,,validador
site_link,Empresa 1,2,https://www.empresa1.com.br/,Canal de vendas,https://www.empresa1.com.br/solucoes/canal-de-vendas-e-servicos/,,
site_link,Empresa 1,3,https://www.empresa1.com.br/,Biometria Facial,https://www.empresa1.com.br/solucoes/biometria-facial/,,IA
site_link,Empresa 1,2,https://www.empresa1.com.br/,Serviços para Usuários,https://www.empresa1.com.br/solucoes/servicos-para-usuarios/,,
site_link,Empresa 1,3,https://www.empresa1.com.br/,Sistema de Vídeo Monitoramento,https://www.empresa1.com.br/solucoes/cftv/,,monitoramento
site,ONBOARD,10,https://onboardmobility.com/,ONBOARD,https://onboard.com.br/,,bilhetagem|transporte público|ônibus|trem|dados|IA|app|aplicativo|frota
site_link,ONBOARD,4,https://onboardmobility.com/,DBD | Dispositivo de bilhetagem digital.,https://onboard.com.br/dbd,,bilhetagem
site_link,ONBOARD,2,https://onboardmobility.com/,BDOS | Plataforma de gestão,https://onboard.com.br/bdos,,
site_link,ONBOARD,3,https://onboardmobility.com/,Bipay | Aplicativo do usuário.,https://onboard.com.br/bipay,,aplicativo
site_link,ONBOARD,3,https://onboardmobility.com/,App do operador | Auxílio nas operações.,https://onboard.com.br/app-do-operador,,app
site_link,ONBOARD,3,https://onboardmobility.com/,POS | App rede de vendas.,https://onboard.com.br/rede-de-vendas,,app
site_link,ONBOARD,3,https://onboardmobility.com/,Câmera | Reconhecimento facial.,https://onboard.com.br/reconhecimento-facial,,IA
site_link,ONBOARD,2,https://onboardmobility.com/,Sensor | Contagem de passageiros.,https://onboard.com.br/contagem-de-passageiros,,
site_link,ONBOARD,3,https://onboardmobility.com/,Integração com whatsapp | Chatbot.,https://onboard.com.br/whatsapp,,app
site_link,ONBOARD,2,https://onboardmobility.com/,Integrações | Conectamos sua operação.,https://onboard.com.br/integracoes,,
site_link,ONBOARD,4,https://onboardmobility.com/,Parceria Banco do Brasil + ONBOARD,https://onboard.com.br/para-governos,,IA
site_link,ONBOARD,2,https://onboardmobility.com/,Órgãos Reguladores,https://onboard.com.br/orgaos-reguladores,,
site_link,ONBOARD,3,https://onboardmobility.com/,Marco Legal do Transporte Público,https://onboard.com.br/marcolegal,,transporte público
site,Planeta Informática,6,https://www.planeta.inf.br/br/,Planeta Informática – Desenvolvimento de software,https://www.planeta.inf.br/br/,,transporte público|metrô|IA
site_link,Planeta Informática,1,https://www.planeta.inf.br/br/,Notícias,https://www.planeta.inf.br/noticias/,,IA
site_link,Planeta Informática,1,https://www.planeta.inf.br/br/,,https://www.lanacion.com.ar/economia/como-pagar-el-subte-con-tarjeta-de-credito-nid26112024/,,IA
site_link,Planeta Informática,1,https://www.planeta.inf.br/br/,Localização,https://maps.app.goo.gl/x5y4ttR8LH3b9iGr5,,app
site_link,Planeta Informática,0,https://www.planeta.inf.br/br/,Linkedin,https://www.linkedin.com/company/planeta-inform%C3%A1tica,,
site_link,Planeta Informática,0,https://www.planeta.inf.br/br/,Facebook,https://www.facebook.com/Planetainformatica/,,
site_link,Planeta Informática,0,https://www.planeta.inf.br/br/,YouTube,https://www.youtube.com/channel/UC-BHVgtTAcl64qlwL_AeVvw,,
site,Prodata Mobility Brasil,4,https://www.prodatamobility.com.br/,Prodata Mobility Brasil — Bilhetagem Eletrônica,https://www.prodatamobility.com.br/,,bilhetagem
site,SONDA,6,https://www.sonda.com/pt/inicio,SONDA | Serviços e Soluções TI para Empresas,https://www.sonda.com/pt/inicio,,smart cities|inteligência artificial|IA
site_link,SONDA,2,https://www.sonda.com/pt/inicio,,https://www.sonda.com/pt/inicio,,
site_link,SONDA,2,https://www.sonda.com/pt/inicio,Contate-Nos,https://www.sonda.com/pt/quem-somos/contato,,
site_link,SONDA,2,https://www.sonda.com/pt/inicio,Quem Somos,https://www.sonda.com/pt/quem-somos,,
site_link,SONDA,2,https://www.sonda.com/pt/inicio,Proposito,https://www.sonda.com/pt/quem-somos/proposito,,
site_link,SONDA,2,https://www.sonda.com/pt/inicio,Nossa equipe,https://www.sonda.com/pt/quem-somos/nossa-equipe,,
site_link,SONDA,2,https://www.sonda.com/pt/inicio,Nossos parceiros,https://www.sonda.com/pt/quem-somos/nossos-parceiros,,
site_link,SONDA,3,https://www.sonda.com/pt/inicio,Notícias,https://www.sonda.com/pt/quem-somos/noticias,,IA
site_link,SONDA,2,https://www.sonda.com/pt/inicio,Livro 50 anos,https://www.sonda.com/pt/Livro-50-anos,,
site_link,SONDA,3,https://www.sonda.com/pt/inicio,Indústrias,https://www.sonda.com/pt/setores,,IA
site_link,SONDA,2,https://www.sonda.com/pt/inicio,Banco e Seguros,https://www.sonda.com/pt/setores/banco-e-seguros,,
site_link,SONDA,2,https://www.sonda.com/pt/inicio,Varejo e Comercio,https://www.sonda.com/pt/setores/varejo-e-comercio,,
site_link,SONDA,4,https://www.sonda.com/pt/inicio,Smart Cities Mobility,https://www.sonda.com/pt/setores/smart-cities-mobility,,smart cities
site,Transdata,6,https://www.itstransdata.com/,Transdata,https://www.itstransdata.com/,,cidades inteligentes|bilhetagem|ITS|mobilidade urbana|IA
site_link,Transdata,3,https://www.itstransdata.com/,,https://www.itstransdata.com/,,ITS
site_link,Transdata,3,https://www.itstransdata.com/,,https://www.itstransdata.com/search,,ITS
site_link,Transdata,3,https://www.itstransdata.com/,Autocuidado2023,https://www.itstransdata.com/s/CartilhaAutocuidado.pdf,,ITS
site_link,Transdata,3,https://www.itstransdata.com/,Empresa,https://www.itstransdata.com/pt/empresa,,ITS
site_link,Transdata,3,https://www.itstransdata.com/,Soluções,https://www.itstransdata.com/pt/index-solucoes,,ITS
site_link,Transdata,3,https://www.itstransdata.com/,Dispositivos,https://www.itstransdata.com/pt/dispositivos,,ITS
site_link,Transdata,3,https://www.itstransdata.com/,Cases,https://www.itstransdata.com/pt/cases,,ITS
site_link,Transdata,3,https://www.itstransdata.com/,Hey Transdata,https://www.itstransdata.com/pt/hey-transdata,,ITS
site_link,Transdata,3,https://www.itstransdata.com/,CARREIRA,https://www.itstransdata.com/pt/carreira,,ITS
site_link,Transdata,3,https://www.itstransdata.com/,Contato,https://www.itstransdata.com/pt/contato-1,,ITS
site_link,Transdata,3,https://www.itstransdata.com/,Home,https://www.itstransdata.com/en/home,,ITS
site_link,Transdata,3,https://www.itstransdata.com/,About us,https://www.itstransdata.com/en/about,,ITS
news,Bus2,7,Diário do Transporte,Aplicativo BuzzPY com tecnologia da brasileira Bus2 estreia no Paraguai com monitoramento em tempo real de ônibus - Diário do Transporte,https://news.google.com/rss/articles/CBMi8AFBVV95cUxQS1VrVXljdVQwY2xDLV94TWhraGN0SmFkSDlwTmJleFZsa1V4ZHM5ajVid0hpcVN0eEg5MHVXRG1kS3pPQWRxeW4tR0JBSmk4VTJEMVhhTW9OZ203QmlPRGR0Tko2VG5EdlFRS3AwRmFlM2hhVmpPbm45UFBnUTZVcnJzaV82THpzdmk2RDROa3gzekgwbGtWZmlrM01aWDFjcEFHa25XeVhBSS1rM21wTy01QTRKcEU5d2FwM3hhSmZtVmMxOGNFLXJTVDd2LWs2VDVwWmkyY0lKdUtQdWNtYld1TVJ1ZVZlbnAtRUprM3LSAfYBQVVfeXFMT0hQaDRDWlVuSUVib2hCRV95NURyQkIwVWN2M3BFMUdPYjRVNEdGdFJJNDJZZVVWazE5N29yVUNncVZXQ3pGYUUxN0QtcVhlNmJybHB4aDFzcVNKRkZjeENXa2UydTRxbXhVLUx0eDNCbXJ0RTkzU0FMaE1fQjVVb3J1Q0dKenRuOTVMYVBwVzR5X1JwdERMMHJmTGh2OU5tQ1YyRlY0Y2paMUk0WmdJNm5WcDV5M25STU94dFpvY2lDeWtkZXBOcTZvR0YtUXExZFVjR01FcGdvWXZiLVp4OUFvdkl4NnVDUEZzTDZfbXZ0am5lZTVn?oc=5,2025-11-25,ônibus|IA|aplicativo|monitoramento
news,Empresa 1,7,Frota&Cia,Empresa 1 apresenta tecnologias de bilhetagem digital e mobilidade urbana na LAT.BUS 2026 - Frota&Cia,https://news.google.com/rss/articles/CBMigwFBVV95cUxOcWhCX05WQ25BNHlZQ2NtR2dveDRoYkJ1Y0VzWjN4UF9hQXZhNXU2dHRkU0g1YzZNdUhRWUlYWEV3X3diOTl4RUdwS0x2SGhaX213YVgzTXJ3ekgxb1Y1Ymh5a2N0T2lkUHpYOEtEVU96T0dJb1hOd2IwUmhQaDJNVHhFQQ?oc=5,2026-08-10,bilhetagem|mobilidade urbana|IA|frota
news,Prodata Mobility Brasil,7,Diário do Transporte,Prodata Mobility apresenta soluções de bilhetagem e pagamentos para transporte público no MobCo Paris 2026 - Diário do Transporte,https://news.google.com/rss/articles/CBMi5wFBVV95cUxPYUppQ2F5UDdyVmhnRXY5QmxhV1poVTd2a210c1lwanI1d3llQnhwaS14SG5ab0d0cVR6Ymc4VEtkY01CbW56QzRfcnNOUEhNTU1fUmlaY0JwQTU0XzBVTGJNRjNzSDlwTnMzd3VuTXJLMGk4OWJoeU9XVXVuTmFic0FQcnJtRHVKQTV1M3JBUFNpVTdDWjNQdnJvSDJITkpONS1xZzhIWV9jaDN6RHZ0eVcxd2F2am9CbVdya0Y2b3RoVUtySGZuN0ZuTWJ2NDBpS1hOTjFQak81dG9ieFBDUE03dnAwM0nSAewBQVVfeXFMT09SdDB4NDFqeGtxZTJJa0FGNGdWamZYaks1WmtyMFp3dWR2dG5MYkZoMVkxN1RTamRyWjB6T2tSUHE3dXdnVExHM2huYlBHdVNHLU1WSjdjSUQyVWVpNTduVVdhZXhrRDhtWmlzVVpURDFfWjByNWlYZ0FjZWhPbnlFOXE2Rkg5WF95Q3RocGpGWjBlb1FrTFhqU3I1NnRwLXJyeVV1MHlDVEgzSk5kb1A5akV1TWY1Y0IzWkdING9vYS1Tc0ZVMU1iamlsVk5PbDYxRFo3WUIwNkZDTmJuTjZ4azNjVFd0UGlqa2k?oc=5,2026-06-12,bilhetagem|SAE|transporte público|IA
news,ABtec Mobilidade,6,technibus.com.br,ABTEC defende tecnologia e governança de dados como pilares para ampliar a transparência do transporte público - technibus.com.br,https://news.google.com/rss/articles/CBMi3wFBVV95cUxNNi1NWVFwUm44U0pfVVhLZDZKc3dLeGRqWW9lZFdyWVpRc0dCNDJmRllGelVoSHFlRG5JYkJ6S0hkdzBaQWFjcVBhd19YMU82RngyUzFabnhGR2J1OGVZQUdpOFBjWW9JWEl1RkdxNkNIdUMxZWFuWU0yOW4tS1hka1d2V1o3bUxhTWJiN3Y4XzFIVDFDV3BrNnE0NVA0MmFXdU5FNk1PNEVqa1NZakR0dmFzV3EyWGtnd2xDQ3UtZ0dIMmxxM25MeDdjWWV4cWVKdDZHd2RhVjR5TjhEVUNn?oc=5,2026-07-03,transporte público|dados|IA
news,ABtec Mobilidade,6,Diário do Transporte,"Após Estudo Nacional de Mobilidade Urbana apontar falhas na transparência, ABTEC defende uso de tecnologia para qualificar transporte público - Diário do Transporte",https://news.google.com/rss/articles/CBMilAJBVV95cUxQcWpKRE9ic0tBejBidlRJUXdNdFVabmdmUG1USkR0bVJnbGtSc0pBcDNpV3JkaVdFOS01R0FvX2RxM3FxTmkwOFRIS050M2tDVUpObWp2b2lVVzVzM0dZQlJxU0U3NXZ6NzFGdmtDUFdtTXEtVjRWYmpOWWdOajA3T092ZUFYdURWSktWYjJSSS1SVXRXd1Q1aEszOElYQ1pxdWhJUTNIXzl2OXM4bjNPaW5RMFhvQm10Um81eS1lM2NZdVFwb3NZOV83VGV2VVlNRmxvVldGOUUzeXJGeTEwa0JRY3VKS3JKVE9tT1BnWDB6WGRfb1g4bHpWaUI0Q3RzNkJBLXlJU2tQV3NpQkRMQ2h0dS3SAZoCQVVfeXFMTlBGR29oc3Z3QTZGZFVSREtfRVhDRHdRb0hZU0xxMEZoOUtueUM5NXJWNWw0bDhpeGVfWjNZdXBmQTh3RU0wVjNYd25FTHJ2ZWxVUFh6QWJmQng2ODdwZDd5WFhiTEZKWTA3Z3o5TThQTFBURXRSbENQWGQtdWllY1BxTXItcTRpZGpaVVJ4QjlkSjNPQU81ckIwbkhwYXYzeHY2V0VpSWJuNWVxV2ZDVXhnV1ZlOW5XVmZsRm0xSE9QbWRjTmRFQTQ3cEMzNi1zRlFPZHFhRU01bmpwbmNzYTNyd2t4RlVKcWpxRzBxYlpMRTdVZ3BmMEFlbU5rNnoxS3RnU29oQlVnamFTZjF0WWg5RHVPck9zS2dR?oc=5,2026-07-03,mobilidade urbana|transporte público|IA
news,Cittati,6,Diário do Transporte,IPT disponibiliza parecer técnico sobre aplicativo Cittamobi como solução tecnológica para Cidades Inteligentes em Mobilidade Urbana - Diário do Transporte,https://news.google.com/rss/articles/CBMiigJBVV95cUxPS1NNc2NUOVk0V19RdU84TWZtM1Bxd2ZPNWdpdC1FTzdra3AzdGVUUnJ6QnNhX2ZoMk9GUWNYNkVHVG11YzFKS3VZMHZEWTV5MHk5OFFCcVo5N09aQ2duX0Q4S3h1X1JqRHV5V1pPUk5WNV9MOU51ZHFZUThpUnJsN3d3ZjdkbUFHS05YYkpQNWNKdHRCZkhiRDJjZTNFVnJ6cE9TYVJtdWdZYnpGZWNfMFVHR25fR1V5Nnc3YTR6UFBnMzFYalUxVlRwZXN4dDdmNjJUN0hjZzE2MUV3NDVnVEd0VFhVNDRHQ3RFdlFCYjFPbEZQbFlFQjcyYzZjWXFlQWw5bjFLb1Bld9IBjwJBVV95cUxPbWNrdUxkMzNGc2Mzc0xiZjFMbXkxT1piYnhrMG5QTldITGVDcmtBR0lmUHZKRUk0WmpNTFFSS0FKSUs2UWxZT2R2dzFSMzN6WWRZclBQQWZzallpZVdLcVhPLUlRcG1QUmFPSDE4SkFOTVRBVmVnSGYyUTlFd25LMnU3dW5MTDNBVi1DbG9aZzNIVnVQbmhKOThLWFg5NFUwTC1rSHRnQVV2WHRiZ0J4ZE16U05PTGdSQ2tfeVc3UlR6dGZ6aGNFSTktTEhfc2o4SnNpenRvTkNsM3NjZ0p1cE5kVXU0UURuSUZoLTNLbXl1bnhGcGpHUHdiUXBBVktUTDhKRVhOMERiclJ0YkFz?oc=5,2026-07-24,cidades inteligentes|mobilidade urbana|aplicativo
news,Prodata Mobility Brasil,6,technibus.com.br,Prodata Mais Mobi leva tecnologia brasileira ao maior evento de transporte público dos EUA - technibus.com.br,https://news.google.com/rss/articles/CBMixAFBVV95cUxObGVrcDQ0c2NtdXlUMk5TZlB4OW9TNWozcnRYN3Vwd3AxUWVwa3o4OG9pOEsyelpwdmh2X0hmWnNnaTZSQlRGb09SZngtU0RFOW9wRGRhT1dLUl9fZVBZUEpIWTNzSlhpY0V0Z3NQZXJ1WHgzVGItSmRRdmlmSmE1M19ZeERYQ1R5Z3B2X3VjTW9SVF9KYlJCLUlKOFViSnc4anRPS0NIZTA5RDR2MktnM0VRTmhCSWkzSEV1Z1YyX01OeW0z?oc=5,2026-10-09,ITS|transporte público|IA
news,Prodata Mobility Brasil,6,Diário do Transporte,Prodata Mais Mobi leva tecnologia brasileira ao maior evento de transporte público dos EUA - Diário do Transporte,https://news.google.com/rss/articles/CBMi1wFBVV95cUxPbTNWVVYtTEdtLU16ZUlOLTZFWmlyY3ZRR1FlaTlkR0hpcGlrU0diMWVhOHNEYlFiS01ydGdDT1M0Qk9obTdqWmVmQmJ0ZU42NW1KcHVnZTNBaHVIQW1LSmZ4X3F3N2pLZl9GWEJwZ0pib19oV1QwTUVlYUEzTXlrQ1JTWEtOa2NDSFA4bUhvNUoyTlkyVkZlSC1CdWVTWEo0N1czMzY5Q3JNRllKUi1qWDQ1OVU5YWF5Q3cxSHBRTVVUdTdiUlNwdXRGOWRMOTBBbUJUc09KWdIB1wFBVV95cUxPbTNWVVYtTEdtLU16ZUlOLTZFWmlyY3ZRR1FlaTlkR0hpcGlrU0diMWVhOHNEYlFiS01ydGdDT1M0Qk9obTdqWmVmQmJ0ZU42NW1KcHVnZTNBaHVIQW1LSmZ4X3F3N2pLZl9GWEJwZ0pib19oV1QwTUVlYUEzTXlrQ1JTWEtOa2NDSFA4bUhvNUoyTlkyVkZlSC1CdWVTWEo0N1czMzY5Q3JNRllKUi1qWDQ1OVU5YWF5Q3cxSHBRTVVUdTdiUlNwdXRGOWRMOTBBbUJUc09KWQ?oc=5,2026-10-09,transporte público|BRT|IA
news,Prodata Mobility Brasil,6,Diário do Transporte,Prodata Mobility participa do Fórum Mineiro de Mobilidade Urbana e destaca soluções tecnológicas para o transporte público - Diário do Transporte,https://news.google.com/rss/articles/CBMi_AFBVV95cUxON1RFNHBVVkotcklZWWxWaUU0bURSRzBxT2g4dEpJRmJJLW9WVEZjN1IyRk0ySzNMTWFYY1JxVkRFLTdtd3IxMzVBTHJlU2EzME9MX2ZvMEVVU1RaX2tlZDdXQUZuRHFETTdXWDloNkx5Z09lQWotYkRiZ3QtN1pMV0VMU1dodDIwMmduZjU3UEhXNnVTcnBZdDdGZXNCV2ltSVVZd1hCeVF4eE4xX1RVMm4xMnYxa0o1ZWFBN0xCS1JCdThFU01aSkpPR2pCdEtTcUdaYXhMUlZjUHZTVG4waVdqTUlfY0oxUVRwRkxXZXVKSl9nQTliQmhKRHTSAYICQVVfeXFMTUxBOU5xS1RSWjhSNkZfNTVnZGFrZnhSUG0zM2s3QlNXZXBHZzJYcXZIVjRrV0pNclFKOUxydzd1eWZYMHJ6M0YwQ1hLVHlpT2RFSVU5cExtYy0wVjdKaTN3NWR0NEZ4WERRWEhpRTFvbXlzNjJITFhIWnZfdFpybFoyRHg2YW5FOFZidnJUVkpsSEhERmZSZ09VdXcydkFVeGRpa0dOVTE1VWhwamhRVHJhWkRWNHBHdHZQYWxRYnNmUXpLcnRaNzRmbVZaNTBIaFZreGJKYlBUblVacS03b2NMTGFPWW5NMk9sRTkxeEQ2YmJpZV9lUWtfT1BRMl9uOGlB?oc=5,2026-06-22,mobilidade urbana|transporte público|IA
news,Prodata Mobility Brasil,6,Diário do Transporte,Prodata Mobility Brasil inova mais uma vez e oferece experiência integrada nos modais de pagamento digital de ônibus e VLTs na Baixada Santista - Diário do Transporte,https://news.google.com/rss/articles/CBMimAJBVV95cUxPYzBGZ2lsQVJKX29yU1NfRjFkTG1DWnk2LUprRlRfd2oySUpIZVBGYWU5UnNJTTFuNVFtSWZqYnIxQm1WVWhSS3hBeGYyMVBUWlprLUgzWXBnR1NkN0M1Y1FvbEdYaUV0X1VJUURPLVhKTGI4eUxmWERpVnMzay1HbUViVWg1dFVYNUowMW5hS2hpc0ZKZzg0WjVROGtlcnQwb1B5enBhTmY2ZXF4bHV2TldLNDQ1aDFEMUNIN0pzR2xCQ3doU0c1VTFJUThVR2pwY2tyRGVpMXBfdjBnYmxhUUNVeWktakdidjhPSXE1aVZncTNYY01ZWkhDSnNZTFpSWGtvNzdFbHJsX0thU01XS2hWMndQWEw00gGeAkFVX3lxTE91MExhOHZfVUg2bk5LeElIU0hBQUU5bjdPeVdPYzVMSnNGdEowSGRudHQ4MUFULWd6d0tHdElzdDZGV0lkTHNmemRNQlZ6Vk1wNzJXR05kWVdVb0FQNjVpNUFhNHVtX0xxbmFJYWVBUXdWOFVvMS1mMnA0Z0NVNklkTUVYZDdwQkM4RmJwZjlEaDBHTTJOTFRua21FTjRobkNrN09udXFPRzZaWkdYRUdLdlJSTVQ1OVdNNV9tN2FOTnNqcTdPZDJvMEE2djR1aUVHVndEbDBRNGdWclZTelhNb1o0b0w3cFBWa1ZvVWNBcHBqYkFMMVJGTG1pcEtkWmpRajZJdnM0RndPVUtha211NXNNeUNBNFZGQUMydlE?oc=5,2026-02-19,pagamento digital|ônibus|IA
news,Prodata Mobility Brasil,6,Diário do Transporte,"“Bilhetagem é a maior rede de sensores de uma cidade”, diz Diretor Executivo Prodata Mais Mobi ao defender uso de dados na mobilidade - Diário do Transporte",https://news.google.com/rss/articles/CBMi7gFBVV95cUxQZ0N4b3ZiN0xoWUNtdjFYU001TnF1aUpiME9MUld5MDhaQmdHb1ZBMXR2alJYT2JxZE8tczdDM0czdVh5SmZDS2dvcGdtZ0JiZEVzTmVRMjVPYmtscDdBVVdTUU1MeGctZk5mWG0zUTV4bkVjMWNzOEhUbW1GUGRQSlVpZGJFdDU4NTFiSDdVZnljc1NDdlBJRlZlUjZYNlAxRl9zb3V0X2xwR0ZmSXpwUHlsZVhxZnp4ZUxtTEhFZTZUR2RHNnlhUVV3bzhtZnNmU21NUXlqSTgxb2NvY05Ea0VVcm90UXpPQWVXYXd30gHzAUFVX3lxTE5wak01cWUtTWx1REFJWDNFRWxfSC1JWC1icXhlTDQwekNGUkFvZE9YY0lyUFJXd3M2c1YtSkdwSzNjU2dpMVl5XzFfa1A4clBJUkNvcERIX1lQOVFDN1dWbnB2SnpuMzFzaVpMREp5Rm8tTGpMaTNnM0EzNkNhNUVzSEpiemtCeG5obkJBNFRuWGtZLVlIam5yT3prb1d0Z3ItUW9QUDJWMlM5RUNFc3R3MHlSMl85cWQ4QWFhSWJXRWEyMkoxWUlMeTRmd3B1WmhWa2RuQi1qT1dadkd6MXNCR0dBNUMwNlNSb2VXMlhxaXZxZw?oc=5,2026-08-07,bilhetagem|dados|IA
news,Bus2,5,technibus.com.br,Lançado o primeiro app de mobilidade do Paraguai com tecnologia Bus2 - technibus.com.br,https://news.google.com/rss/articles/CBMipwFBVV95cUxPZDFMRGJ3VkwyV25fVGV0bzIwbWtZYm1hNm5qU2NtQkNjb1Qxb1h5Tm4xN1RIUEZTNHFOc0NtMlFsUEZIdE1JZU1wSjV4cVZ5a0w4MDZrMk9YU2xuOTZaODZoT2pMT0xFYVlTUHR4OWFSR0FzN1QyclhKRWNGZ3lZMkU2YzVtb1JtcXhTeTVvZy1KSjFOYTNOaF84MklPU2hGZUlIdVI4Zw?oc=5,2025-11-25,IA|app
news,Bus2,5,technibus.com.br,"UITP leva à Lat.Bus 2026 agenda dedicada à eletromobilidade, BRT, tecnologia e financiamento do transporte público - technibus.com.br",https://news.google.com/rss/articles/CBMi4gFBVV95cUxOb25JZ09ZSHh6bDcxTzBhNnZ0Yl9jMkpFUGtzcExScS1hV1B6N0M4VFh3TkhxTG1BY3c0MFFldnJQYy1WVm1BS21rZ0FIS2psTGtSc1ZyRzFKcGpsdERGUTU3SGVSOFZzWlotUTI3QjM1ajBRaDFzM2p1TFFWZ1Qtb19LdFl3WjhvYXNoYjlsSDVtcDd2Y0x2N2RySG1RVlU4SV9LelhTLU1YS2ppMzBpNEJucnJWaGxQVVk4aGFBdDlpeUQ5RERSdnRuNFk3M3ZKQ2tIWWlSeVJVaFo3WGNLS2Zn?oc=5,2026-08-03,transporte público|BRT|IA|GPS
news,Bus2,5,Prefeitura Municipal de Boa Vista,ATLASMOB - Aplicativo permite que passageiros façam recargas do cartão de ônibus via Pix - Prefeitura Municipal de Boa Vista,https://news.google.com/rss/articles/CBMiygFBVV95cUxNYmNHWDVTWXNRVGpIaDBCRkZEZ2p5SlI1YnM3ZWtwWVE0dGdFWEhYMkh6T0FmWVdmY1FyUEVReXBSTjlJcGRXM0tTX3FaeG5Rd1N1WVluX3NMZEZ2bXJVTEJGQlAxSlFjQS1NcExlQmk2QzFYWXhJZ2NqVEdmMGczenZNcTRhRUlZNnVtWW5zQmF1dEhPNGNjdXotazF6U1hjUnczVHZkOTcxMlgxdlMydHB6Q0dzWEdrMjdBRmg0cFpjRXZfc0VGanZB?oc=5,2025-11-13,ônibus|IA|aplicativo|PIX
news,Cittati,5,Portal da Prefeitura de Uberlândia,Novo aplicativo de transporte coletivo de Uberlândia Cittamobi já está em funcionamento - Portal da Prefeitura de Uberlândia,https://news.google.com/rss/articles/CBMizAFBVV95cUxNM0E0U19CQTY0OFdnMHVGUkxMbzlqaHotSERFUlVmdFViUHZWem1ISXo0czJkbXFvUzFXWTg0NmFidnZ2NmxGTFY2bE9iaU5pc2RYaEt5WjU2eU9kaHBWXzdHeV9hMDFseE11LWJhSWY1RWlsZkQ4V1c3X3poZEZHQ3dlOFVxVC0wRjliLTdITFNOcTZEX184TndvNFFNN2pmWnB4aTFyQ3MtTzRnVnp0SmoxdUgta0ZvSFJvRnhuWk9MdGdXb2tVUFVPdjE?oc=5,2026-10-02,IA|aplicativo
news,Cittati,5,Paranaíba Mais,Novo aplicativo de ônibus de Uberlândia já funciona; veja como usar o Cittamobi - Paranaíba Mais,https://news.google.com/rss/articles/CBMiwAFBVV95cUxNNmhIQl9TY1FtQTZDYUVHdEU2NjN2Rk1GZUpqTmNKYldOcU53TUZuQWx0UzFiMDNfbjFWRVVCSm5MNDJLVXVmUVhlNEVMeks5STVNTkJpbWY0ZlBGVW5QSEhTdnp3elo1MVVGYVlOX3lwSXRSX2FMMklVaFJhbnpXTWhoVXExdVB5VjRFeXV5VVFZel9fV1FnOU9tUjZqa2dzNnlzVURMVEhNOVpsc1g4U21LQVpqdG56ZTlhR1N5M2Q?oc=5,2026-10-02,ônibus|IA|aplicativo
news,Empresa 1,5,Diário do Transporte,Empresa 1 leva à LAT.BUS 2026 soluções para digitalização da bilhetagem e gestão do transporte coletivo - Diário do Transporte,https://news.google.com/rss/articles/CBMi4wFBVV95cUxPa2l5LUdXME92WW04Z0RlNWlJWjNOS0tfTnVUejBTbGhBTll4Z0JkV0VqcXdhaDJQbndPSTBGNHlfZ1hqd2NyVXN1UktSV1pmakprcTh5VWJmQVlsNXFFb1hteUlXSkJoa3Ezcndmc1BqYmlPZ29kbzZIV1JlZDRsX1FyOURGNUMxZzdpUzRHNzBlVkwyVTFIanFoNlctRkZjNGZqTmtsRGl5eHBBZURmSlJ3cVQ0Z3A4THJ0NVlndEpfTnY2Y0tvRUp2WTRlRllmNS1SOXRwdjR1V0R5T1JJblZfNNIB6AFBVV95cUxNaFo0X2VUangtZ094R0dlODVDLVF0OWVCbzhrVFZ0clQ4ZFhwX2w1RnlFR3JWR2xXNGN2T2hzMkI4Z3haZlFrcHpkLTBOMFNDMTIwY3RsdjdxQ0E1TGU1aTRHSFVWazdKSzZFQkhEVnlTSFZrS2lXLXhWbnZQc1hhWmJtODZwT2hfYTNOWGtOUjdTTEFpbFBxckFmeWpINWdZX3VycVBreVZUUGY1LTFaWXhIcjlqMGptUXFuSlZ6NGlrZGo1ZEFFT0xzeFRYVF9LUm1WaG9hNVh1MHEzQ1ZoeWhDanVLQ1h3?oc=5,2026-08-10,bilhetagem|IA
news,Empresa 1,5,technibus.com.br,Florianópolis adota pagamento por Pix no validador dos ônibus - technibus.com.br,https://news.google.com/rss/articles/CBMingFBVV95cUxQZ0x0d2xFaTh5bXo5dFBqZEZBVlZ0NGRLeVdMeUhPUUQ2eTJBdFA1MTlQajJsdlRhZGFma3ozeWVzWHZodE5qVU9ZdVdmQ1I4VmRMN1JUUFdseC1INUpFQnozRzdqZW5XU2NCN0wzM1NZZDVXeVpsQWtGd3B1cjBSS2lpa1FsWHJ0ZmxEZ2x3TlJ2T3p5LWpVWERXanh1Zw?oc=5,2025-10-22,ônibus|IA|validador|PIX
news,Prodata Mobility Brasil,5,Diário do Transporte,Prodata/Mais Mobi inaugura nova sede no Rio e consolida a maior plataforma de mobilidade urbana do Brasil - Diário do Transporte,https://news.google.com/rss/articles/CBMi5gFBVV95cUxOc2dsYTlDdUc2ZWVyaEtfLUJRaUVIcWxCb1BpTS1NbDVsbUYyVGlmNkd1cU5ybHVSd014NG9hWkJBUTZ1UW5JTFF0bnRZSmc2NlZZNzBmNnpydmpJWm44RjhqOU9oSVg3U05tOExjdmZqbFF2ZzlBOGN1dzE1cThYVU9kcjBLWHd3V1oyMTdwOUlBOWZaZVkxUFJnUVNLSVctY2lkbVpSQkxWLWh3TF8zVkZaRW5RdjRtd2kzZzZEVnh0YzFYLU95ZS15V1MxdVVYaHJyYnRxaldUdDUzSlRlZ1g5eHJuUdIB6wFBVV95cUxQYmswMTUtYy0xRUVtZTJPTF9mTldCQXZNbkpQWVFiaW9mTDZxeW5qLVQzMUItN3pXUDFLcnRMQ29xeXhYci02ak9PT2tzVy12cHY2YWZPcFBsczNsakwza3lmSm5KbXMydEpqdmhOR2dsZ2ExNWVsTXR6T08xQkVieEFDV2owNmtlMUFoSlVDTjNJN0dyM0o1MUxLZENJQmc1MXNHT2w1cGxLZ0VraWtSaDdHV00xaUFGSDVFcnEtc3hnN1IzRE5RcXVhRF9hRmM5N0o5VXdvdmxlWG5BdGVGRHVDM0JTeGpyalp3?oc=5,2026-07-04,mobilidade urbana|IA
news,Prodata Mobility Brasil,5,Frota&Cia,Prodata Mobility consolida aquisição da Mais Mobi e amplia atuação no transporte público - Frota&Cia,https://news.google.com/rss/articles/CBMiswFBVV95cUxOd0RDM2lUTXBmWDlmZzU3eFR3V1ZPck1lZzh0V1JNQktIdUo5MTZrc3NqNm56OTBJdERHZGlpbWVqcTlMdS1icWdHdGJBdGRGX2d4Z1R2eE5uNU1zWDdUQlR6VHhKcVFmSFVpMmVXSm1ZanBhSk9zLTdoZVo3MWs4WWJwaWxKS3dtYWpjU241eGVBY2pYemg4MFRmTm9oR191dTVlckxFMEpfaUJRbXFtRDJrcw?oc=5,2026-08-28,transporte público|IA|frota
news,Prodata Mobility Brasil,5,Diário do Transporte,Prodata Mobility Brasil participa de audiência pública sobre modernização da bilhetagem do transporte coletivo de Porto Alegre - Diário do Transporte,https://news.google.com/rss/articles/CBMiggJBVV95cUxNa1lXdUtHY0dERjdJN1RVbmZ1dEpNR2JKbEJyME9KWEl0T3FXZVFnaFNSQmUtN29NblZ2Vy1xbnlKYUhla0N4VGUtY1NMdzlHQmhhcnJHNm9aZmktMXJjME9wclZRQ0JIYVJBNWR1ZFpVVkNNcFlZZVhnSXg4dVI2bno2MmlTZzVRYWs2TFRHRTNrLWZURjBOS0pTYlpEdDBfVFBBaGJJdkkwZzJsc0c3MEt3UU5SQXh2X3F1RkpXZjJDZXBnY1M2Nl91SWFFVnJaOGpmOHIzTHhfSGVDZ3lCdDFpSkY4MmdmWWJmNkg4aWptOWNpaTgxbW5MekRtLVQzVVHSAYcCQVVfeXFMTVdDQjlKVnFrMGFSZkk1SlJPQ0Q3NFJRcDk5R0ZlMVFFaVpWY0RieE9tLWZQXzc2V1Z3T3ltd3JVbzduTWduMkw1cUxuLVV6MEhZMDRBSnh5SDFYYXUyTnJJTVlXRnFUT2k3Y1FtZDJmSlRzM0x4Y0ZRNmtKeUhOdEVhR3Bxd1VqTUhCOUhZVzdoUUU3aWIteVVMcW5UMTIyMWtQaWR0Tm1SYXp1aDV5WGo3TVFrQWdxb1VvY0xaYUJDOEdjem1XSm9zZVV6bUZTZzdvZDhCc2JPWGgxZmJIMW12ZTdlbllPaWhLTHpHOS1VYk1BLXhLUmFMbzl5TlZXZVFUcHMzaVU?oc=5,2026-06-19,bilhetagem|IA
news,Prodata Mobility Brasil,5,Diário do Transporte,Prodata anuncia parceria com a Mais.Mobi para consolidar liderança em bilhetagem eletrônica no Brasil - Diário do Transporte,https://news.google.com/rss/articles/CBMi4AFBVV95cUxQelBzaWJnOVZPbzkyY184MGZ0UFpTYThkX25Hd3Y0WlJNaDYyeE5hMXJpNmg3OE93eUlUYWE0bjNKcHdCeXJpVFNZVUdEUjdVbUdreVIyVnRZSnBScDN3aEJWTzRRUkJoM3d3U3ExdEdaUlpsdHpTdzdxOHEtU01sWnp2Z1RlZ2NXZDc0NmdWRzB3UjlEeUpqell4YTMzMWk0ZFVyb3dfbVY2SUVURjZvQWdRYlR1Mkc1Wk1mdXhfcDZMd3pfbzJ3T2hHVnlsWktfdUtRX2tQb1p0OGxFUGotd9IB5gFBVV95cUxNUU9YNUZJVmJ5bXpoNHlNRVhiQ3VYMEhSUjFOYVJ4WEdFbFpVYS1fVmhsc1FIVF9PS1FmeVJhREhlUzdER0ZGYm41SnAyZkJEYXdhQkJ2dzJKRVVZMms4RDZ4OHZNYm1kWDllSHRGNG95UDFDM2Z6ZGtKRmVFWE1QYXBiYVZzejVWcjRKVjM3M2NCLWVNVXBrbE5wdFgtOWk3bE5NMlFsZEl6R0FzajI0SEZGelVmYmhYdG1kbUVXU3NBdlpWLXNneEF3QWY4TE5JZlJFVmpOSE1nR05FUmhnNkZ6d1N1UQ?oc=5,2025-10-31,bilhetagem|IA
news,Prodata Mobility Brasil,5,Diário do Transporte,Prodata Mais Mobi leva tecnologia brasileira ao maior evento de transporte público dos EUA - Diário do Transporte,https://news.google.com/rss/articles/CBMi0gFBVV95cUxQY0V3ZzhvZzhNc1FTd3l4cTFkZ1p5cjNOOGQ5MDUwUk9wOURLNUtYZnBwb1dORTMybHRGZjh0UVExbU9RWG05S3JPVlhnZWtVWVR4a2NJSHJ3ZTI3QlVsRURxOVQxeEFoeDEtQzRnSk5Vc3Nmazg1QnlhUWRIX2llM0gzWE1hZm9UM0J6WWJlTzUyWmZJUWdONG5RNGxySHREcUZPNlhJYV9zeGh3eGlxX2dQTnQzTEFuSTBiMi1RX2JDdkV2OThaMmJxbWJGT0JvVmfSAdcBQVVfeXFMT20zVlVWLUxHbS1NemVJTi02RVppcmN2UUdRZWk5ZEdIaXBpa1NHYjFlYThzRGJRYktNcnRnQ09TNEJPaG03alplZkJidGVONjVtSnB1Z2UzQWh1SEFtS0pmeF9xdzdqS2ZfRlhCcGdKYm9faFdUME1FZWFBM015a0NSU1hLTmtjQ0hQOG1IbzVKMk5ZMlZGZUgtQnVlU1hKNDdXMzM2OUNyTUZZSlItalg0NTlVOWFheUN3MUhwUU1VVHU3YlJTcHV0RjlkTDkwQW1CVHNPSlk?oc=5,2026-10-09,transporte público|IA
news,Prodata Mobility Brasil,5,Diário do Transporte,Muito além do Brasil: a trajetória global da Prodata e a força silenciosa por trás de sua tecnologia - Diário do Transporte,https://news.google.com/rss/articles/CBMi3gFBVV95cUxQMUZPaktXclRpOF8tYWl0N2xDR2YwaWNuOUhWOHlSM1Rhb0hHRThxajZyMmVQa2NXMzVrSEduS29MQWRMb3NHTEkybmVwSzlNdm5BRzFBakZRWGxVck9oQWlvRGJ4elBOTHExTWluZk96OWhKQWxycXo1US1HQ2xPS3hpRXpmYWpwbmQtY3ZKZS1ranR2VTJVdFZkWXc5VnJ5U3VVZ0UwVTZBMzFOV0M4QTczUTVmdFpVdDVOYmFNVjRrWDZXdFU1YlBFaWhzRWZ3MTFsMmJma085NFZ4YWfSAeMBQVVfeXFMUHBUX3BLR29jYWpCbVM1VVBkSG1Xd2JTX1g1SHZ2WjNDNXdQYVAxYjFndlgtbjhnNld2OW15Ri1ILXpzUzFhbUlDR1dxMlFIb1VuRG9fc2hXbjh0Qkk3ZUphYUFINEJrZWNpV05NeFVZMXAwX1ZncDZwNVJvX2gzbnItMmczRzZrTHAzdjNFTVEtRHZiTFlnUjBSby1aV2FaZHJTZVFSUDAyblFVckhfVWstZzhNc1BaYzM1YmtUZnBxd2p0eDZHVVJybFBaZGs5ZDRyQzFZOGcyclpzOVkyOW83V2c?oc=5,2026-03-23,SAE|IA
news,Prodata Mobility Brasil,5,Diário do Transporte,Prodata Mais Mobi apresentará aplicações de inteligência artificial para gestão da mobilidade na Rio Innovation Week 2026 - Diário do Transporte,https://news.google.com/rss/articles/CBMi-wFBVV95cUxOOWR2UWpjdDQyV28zOFFRcVd0M3dJTlgyYzg4QVhCa0xBNDl2dWRkd2NEMHVUaVBrbXRiaWlVZ2R5dHVDcjhJdXlwRW13VlZGQ0NTcHMyRlFWZGEzXzFkeTlyZGtab0d3SXNiaWFpZmZvV19WNmxLOWVtUlg0VTFMbTFhQ0lYa1NwcTBYUGl2Rl9OcW83c01Cdnlfa3N0bDBQbnRYZ0FZV3N3MkRuVmJzTnNOUlUtUW4yNjlMdnptVEtOeG9yYmJpVzFvOWJqbFRBRnJXRE5xaXMydF9MWlpGTmY3aGlJZ2lRb2tHaXRsYy16UGZiYWdNbDh1TdIBgAJBVV95cUxQS3F6RW1MU2dnaWYtV1F3UGlMQmRBdG5JdV9QRW1kT3JCOFBGdkZTODUtdDVEREQ3UHZiSG1rY1ZqcUZfYWpiR3BLSHE5ekpDMzFCMjJSaVFZNjlydUl1NDRyNG8yNFpOOTNnS2xOWlMwdHFNSnBueEJrM2xRLTFYUkI5dWNzLTV0dm1nLVFac0N3MDUxYU5nU2NveThPZnRoWElxWVF5WllON01hOWxISk9GUjY4c2tlTFhELVRBNUdtb2ZmNUxrd2xuQVlXd2kxUEt5VV96YTlyVGxDUEdVQ2duaVM4em1xSXpETmFEalFLcV9TYjEwOEY4RUpDU1lu?oc=5,2026-08-03,inteligência artificial|IA
news,Prodata Mobility Brasil,5,Diário do Transporte,Prodata | Mais Mobi apresenta novo ecossistema para mobilidade urbana no Rio - Diário do Transporte,https://news.google.com/rss/articles/CBMivAFBVV95cUxPLUFNbklwT2luTC1FVlpQX1liSUM3UmVxTUJiS1MwTHBQb0ZqX2RIaVdPdTRySnBGQnpWVlI5cW5PY0d1WFF3MWU3ckgwOHAxUFUxbEZWOGlSWkV5OGkycjV1VmM2dW5YWnA2QlU0QzRWZFlBWHR0TjlUeVkteHVYa3lDc2M2cjdES3JSRnhUUTBWOHNkTXg4eklra3hKSTY1MTd4czhUX1RkTndCcU1zUHc5RHV1TERHdUdTWNIBwgFBVV95cUxOQW8teDZaUC1SQkhqYXpJOW94M2tWd3ZBakxSSGlNcFVlRFVHZUIzZmM2RzZiRGN4bXlIRHRBcGo4ME12ckxSSXRvWHprNkZfcWJyZFFMakY1allhalJpR3BiRWRMaHUwZUM4ZDl6cTRrNXZFdTd2Qk5QWTljLVl5WWZWUHFfMlFIWjYydkJTSEpTRjJFbEUyLWVKdndFMllsbXh6SUNjaEJXZDE2YnBoZlpjYUpsaHBiNk1Idm1peTZUdw?oc=5,2026-08-12,mobilidade urbana|IA
news,Prodata Mobility Brasil,5,Diário do Transporte,Tecnologia da Prodata impulsiona novo sistema nacional de bilhetagem na Dinamarca - Diário do Transporte,https://news.google.com/rss/articles/CBMixgFBVV95cUxOdG9GdXRoU2pWMnBsVERubUdvMUdwaHRWdmMwbDRLc2JCdEpaUFRZeG96aFdBSk9HU04zNUpEM0V1Q3piNkxXajM0OTNuS2EyZ1NKSnQxVHRwN0xIdGs1VHBqZWdGdkxVNVBhczEzZWdZSVNkRWF6aUJFckVsOG1NXzlGLUdQYUdXbzVfSWpKb1BWR2FwVzlfaElVeFFOY1F0X1NsYzlNWVpJQXVUS3U3RC1QdFM2QkRMOGtJVlBwX0xOREhwakHSAcsBQVVfeXFMTU1mdkZ4aXR0aDFYRHJhTU9PQXMtWWtpaHN1RElmRGFHb1pNblZiTWRnLXJtb3A4RDFaRVM1QkRlTkZZdzBsWER0bkFmM2ptcUNMMG9wX3phTDhyYmJYekVQandsQUhJdlR5bFpZZjN1V0RyYTY4NWZrdVZpOUdsSEJ4UWFMcmVQSFh1elJMeXJ4VnBVblZhcXp3RnRlUzcyYmFWZzJfcjVOVkNwWEM2RGNDQWw0UU5ZcEN1cUlUU3hyZWRva2pwb1dPbmc?oc=5,2026-03-18,bilhetagem|IA
news,SONDA,5,technibus.com.br,Sonda apresenta tecnologias para transformar transporte e mobilidade urbana durante a Lat.Bus2026 - technibus.com.br,https://news.google.com/rss/articles/CBMizgFBVV95cUxPazNGSk11U1FkTTFqS1hfVmI1akRnaUp5R3pQTTlKRFBwN0l1bEdOUWFyNXp5SGdZbm1MWlRSMlE3Z0NjWnVhbzA0U0p1UzNUVG9VeFYwUHE4UDhuT0VfRUQwQUdQNzJYX3p2bkVaOFk3QXVua0xpZ3c3RTA1aWRoanpDeXpKS0ZYTTR3b2Rybm1SOG5jRTU4eUcwZkxsMElJd1NmVTF3Z3lTNEU2bHJTZDFZUEpycU1Ha0ZtUVhrTGcwS3pwdHE3ZlJEV3ptUQ?oc=5,2026-08-10,mobilidade urbana|IA
news,Transdata,5,technibus.com.br,"Tecnologia e integração de sistemas redefinem o futuro do transporte público, aponta Romano Garcia, da Transdata - technibus.com.br",https://news.google.com/rss/articles/CBMi3wFBVV95cUxOOUh2OWs4a3NuVVJlNWNwRThlamNHMm1mbmZBOUVsYkxUdGVxS01Sc1I1ckxJS0JaZklvWTlqWTRaSzlKUEJMbHZKN2dUTHA0QTRTMGctLXh0MEEzamU4XzdIc1kyeGZOaGVTS0RnRnZZSnN3NGZoNHdKWUQ2RURjOWJld3BTVXpjTllXZEZreFBUZ2dLMnFEbmJCWVZhS3ZlTXhaMjR0UkhRcDh6UURIRGVmZXlZeVNRMFIzdXdxWm54Y3dkQVVwRGQwQXlnTWtUNTE0YVRWazRkYjN1TmQw?oc=5,2026-04-27,transporte público|IA
news,Transdata,5,Diário do Transporte,"Parceria entre Transdata, Prefeitura e VCG leva Carteira Google aos ônibus de Ponta Grossa (PR) - Diário do Transporte",https://news.google.com/rss/articles/CBMi1AFBVV95cUxNaE14aFY5T1BjdGlSTmRrM25oRDNodjdSYldnS2daX2g4MTR1S3lpWXl2NXUtdVFuMHZ6MVJ6Y2Z3cTB5bGJiLUNScVlqOXdSY1kydWdhdDBHelFsQmkxbXR2RVJveWxRWUJxUFZ2cjZZb1ZaQ05FN3lZT3lqNGtNNG55MjZmdTFLS1pVTWNxSkdBa2hRRkRzWTZOSlFIZlBsbmxWY1BqY1RWUEprdU9XakZDS2s4QWpVMzN1LVJ0SUltaExMVVEycWdNQU56clB6UmtZT9IB2gFBVV95cUxPd0otM2gyaWdJd0FKUkxxakMyS3J4SXlTeVRGMTNtMlYtNmdZVThnQXJTTVRLTDBTZVBSMlVOQV9ZZVhzQjRpa1hfT3pNdlU4Q3Q0azJKTmVsU29RaU13ZFhWU2p4VTBrZ2VNTDdxTjBzYmFTNWVnNzVpaU90dmpsdDJsTFotVDNPRkN4MlN4RndScmY4MXB3ZUNSS1JVM2ZSanFjX3JfMkNCQUk3akdQNDZpZ0xkR2F6T0gteVIyQjU2TzRPS2M1dUI0NEgxbEZWcjFjdjM4Z3RRQQ?oc=5,2026-01-30,ônibus|IA
news,ABtec Mobilidade,4,technibus.com.br,ABtec Mobilidade nasce para dar voz às desenvolvedoras de tecnologias e acelerar o amadurecimento do mercado - technibus.com.br,https://news.google.com/rss/articles/CBMi7gFBVV95cUxOWmFsX041emJEUFpKa3hMbzk3TWxBT05SdXFTVDNMQzVsNjhNRzJ5dUlfemF5dHRZUVg4SVdDMEgzOVA5SUxjRnZOYWtwY01EUXZWODJxWVEtOFRmWHBwc3dFdWxfemNBMGRHV3BjemVPVkRCMWNvdktmSnRhV2tUb2tMelhBWm5MLWlIZ3FKMENzUWdkUmZQOU1EaEo5NDVPRVA3MEJrenUtV201Q1U3bVBRclBsbjJRMWpLUmlSR2xQd09iVjBwMm1jczdSZHZnbkotZGlKNUxEVTVCd1VoQ3d6UHpCZjdRMlRLcGZ3?oc=5,2026-08-07,IA
news,ABtec Mobilidade,4,Diário do Transporte,ABTEC chega para fortalecer a tecnologia brasileira aplicada à mobilidade - Diário do Transporte,https://news.google.com/rss/articles/CBMiuwFBVV95cUxNck5JVGcwd01SR2dTT2tyNEtGZnhoTGZlZWZHTzY0TFdMWVp3QWlTSnk3ZFIzSDZOWW9RRzJrM0VqMlZKRGtnTXd3WUJBSW96Z1VsdXh5alU5dmJtODA3dmxnd0lJV0E5c1hWNmJhMTRMdmZ3Qm1hZGFlU2V1aHNWdTNZOVR0NDhBd3UxOHJONWNNMndiVElSS3VpcGxPanlFN1BuS0RQRkpkdUdMX0VxZUNiaHJEcnNaZTRR0gHAAUFVX3lxTE9TVVAtUTQ0TjJrRm9xU3VZRWtGT2dzMHlIUXhweWExTVByNm5nWUo5cFRDN2lTems4eEhJQWc5QVJYb0QyNzFzZjk3eFBKc0VwV1FPc2tGRndFTVlpNnhaQVJEa0Z5WUJrbjJCbkMzVUZaQ2tiS1FUMHgzbUZhS1JKa21DNnhiU1hVYllLYjA2Q1MxN3ItcGNrV1hHV3dhZlVrTzBmNnVmOVMxb2VKaE14ekp2b0lGaTVwcXRqQkEybQ?oc=5,2026-08-10,IA
news,Bus2,4,Paralelo 29,Novo aplicativo do transporte coletivo é apresentado à Prefeitura de Santa Maria; sistema terá Pix - Paralelo 29,https://news.google.com/rss/articles/CBMi0AFBVV95cUxQQVdMb0ZiLUNpOWVvUDZiUWtRaUg4LTFZV0ZselNDdE9aYnljMmkxTGxDOURFQ2xqS1ZScFkxdEtSSUU4LWJvRTlpNVN5d2ZhbEt3RUxpS0lkcXRFM3ZTU0V1T3MwdU9idnJCanpLY2xXbmkwNjgtbzBWRmJXMDJCMzNpOTFhQlR0UlF5elJMRWlhY2M3VFVURHBzSXA5bzJTUi1RTm8tT0RMQXQ5R2h3bkYyRlBubExiN0tsbW9GcjhRYWRGZE9uc2VrWDA5YTc4?oc=5,2026-08-18,IA|aplicativo|PIX
news,Cittati,4,Diário do Comércio,"Uberlândia lança o Cittamobi, novo aplicativo de transporte coletivo - Diário do Comércio",https://news.google.com/rss/articles/CBMiXEFVX3lxTE50NmdCZFNaT3MxRWx1UkxOXy1MM01wakdpTkFqSWp3LTlJZ3h0cHpaSm5INEkyRkF1cHBPSE1ZcG5FX1hOeWtNRmpObEdOWmpoNDRqOGpaOTJnSWxL?oc=5,2026-10-02,IA|aplicativo
news,Cittati,4,JC,"PIX nos ônibus: Em São Paulo, pagamento via PIX já é realidade, enquanto Pernambuco enfrenta o desafio de ampliar a tecnologia - JC",https://news.google.com/rss/articles/CBMijAJBVV95cUxOdVVnbkNTai1GV1d1YjVrV3pBRUZIRGZLS2JvaWUxclljTzFzSk82ejNhMmNoLXdQWjFSUlh6LTFqUW12eExuQTk4eFpiR3NuYTZQTU02cHNBN0N3WU9EWDNaMlgzTmt1elJ3ZVBBaDVKTjFmNE1qU0FiWDlDbTJTTU9HUWtIZTJxS2haTno5MEFNZWs3U2p0b0Zmd0pmMTV4X3E2QU1sdElSZUVGdEtfb0QtUkdSMXJkaHJGQ1FpRGgwbTVfbVc3by1JdGFRRFJmcWszemdqNm1TQXozQ183YlRsa0d1ZS13LTV5VlItOWc3VFNyWGJ6X0VEdFIwa3hueDR5V1Y2UG1uMnJT?oc=5,2026-02-26,ônibus|IA|PIX
news,Cittati,4,V9 Vitoriosa,"Novo aplicativo de transporte coletivo de Uberlândia, Cittamobi já está em funcionamento e ultrapassa 850 downloads - V9 Vitoriosa",https://news.google.com/rss/articles/CBMi2AFBVV95cUxOTUlFenZlSE1KVFBiVFhjSnVBZTMxcXVXWUpmYWdPX3NWd3FFOUQtR0pEX0dnNUpweHB6TGI3bmFJZXdMREhQdUY3SnRmek9BUHNpOUQtakVWZFJXTV9HMjF3bmNYcWJMbVpSS0wzM3lITWpkbHo3b0gxLWxFeVZBekRJWURaTW1pNXFFandIcldrTVVXbGVVNnM3VzFFQUNSWnlxdUdCakV1bFdwYktmaDhwQ3dKanJ6UW9tMm9EN3dvSE1rNmZoanZuRmFOWkxDUlc3amljVTA?oc=5,2026-10-08,IA|aplicativo
news,Cittati,4,JL Politica,Passageiros do transporte público podem acompanhar linhas especiais no Cittamobi e recarregar o Mais Aracaju no Arraiá do Povo - JL Politica,https://news.google.com/rss/articles/CBMigwJBVV95cUxQU056Yks3c1VtYnZJaFBBLVZPVmc1U1BGUGFjdUp2SHBuNGtJQWFaeU93MkV1SWsxWU5ob2Q0c01paWVPSlFZSXA5ZHRUZjloaE8wVWl4bm4yZkxBSjBpaE9MQWtka2hoTmtJSWh3ekxnVnZ5UkFydXpRRnRMa1JTSUZUQ1M0NUNVMmI5ZlotN3I1czBmT1YtcFRsWmZqTmtLUnVRV2RTcEhnZ0dzamFseVhmNHI2RGF1WkQwVEdGeXp3TEhaaVdZWkNpQzNreHptSl9qcm53VEQ0TWVzRlVxOEROX0djbm5mMDNGQnRJWkRVMXVneW1yaXIzMFliNGxSZ3Q4?oc=5,2026-06-09,transporte público|IA
news,Empresa 1,4,stgnews.com.br,Empresa 1 usa tecnologia no transporte coletivo para reforçar segurança - stgnews.com.br,https://news.google.com/rss/articles/CBMioAFBVV95cUxPRGJKdU1RenU3UnRnZTNUNVI4TWRfV0VxUGxWbkVkNlhHQ2VjODBiU2NoVGdOX2Vmc1Rxa0JFVmF3YjhfZ3U5NzJqaXZBUkx3cFF5R1F3SkE4TjVuNk84WDhHYkxlRk92a0xiVTVHeXlyeTlnM3ppNGQ3dFNMdmEtdDJfLTdneGNIZlFzbDZUbFFrckRFck54YnVHVXNqYVNn?oc=5,2026-10-09,IA
news,Empresa 1,4,Diário do Transporte,Digitalização do transporte coletivo avança no Espírito Santo com pagamento via Pix nos ônibus - Diário do Transporte,https://news.google.com/rss/articles/CBMi1wFBVV95cUxQWFVaMnd2Y0d1U0J1UlNDWjRIODJTeTIwZEFKTFVGTWE1M0V4aGlENHkySGM4RUo4a1AyR0ZoLWptbl9ac2ZSZVpyLWl6YUh2d2RUZl9TQ0hRd0pGNnUxbGduU3Q5UjJLaUtGcUFwMG5ndlpkWEFxSG5BSlVKQzktUFRKX0tmd3hDUUJMZ3dMNWdxZU01aGphelAzME5DME5rR0VZdVBNR2RrTWQzVEpsbUFhbmpETHVzNXZWdmt0Y1ZSMy16MFk1MUZOYnpyalRuN2tQN0s5MNIB3AFBVV95cUxNd1Q5LS1yR2g2aW5Wb3NrcnFMNTBkN1dQTWhkZExoazhJVkpmblE1TGRDQkxueTNocm1WMDRiMUJpdzBjZEpIZlg0MmlIUkFYTjNVdVlkSnhBVzJkeTF4NDlGNTBRQnNjNmJXM1pfVW11QTMyUGJZQjg5dVBGMzZERWFvazlLY2ZBN0dYTldveGhTTmxoMnh2bGluT21TY21lb2lXb0tkcTA5NTJDRVd5SGMxNk83S05wM3I3V3ZnVjFNcDYwMXZKY3F6a1A5d1EyZURmQXh1VzRJbWot?oc=5,2026-03-21,ônibus|IA|PIX
news,Empresa 1,4,Mobilidade Sampa,Transporte público troca filas pelo celular com digitalização de serviços - Mobilidade Sampa,https://news.google.com/rss/articles/CBMilgFBVV95cUxNNVdlLXc1dUhGRGhweGEtSTB6eFJuSV9MXzhlUEVzSkhVdVdYaGVjRVFIQnJUMXZLVk9zdmxUUmNLVE9haWRUb1ZZSFhXOWJfNUJpMllybm9XdWthM1NmbUs2WVpSUm0wZGVld0FncnY1NXVlenRVRU1EWjY2MWdOaHQ5SFNkNUg1V012LTJieXJCbW0wY2c?oc=5,2026-09-15,transporte público
news,Planeta Informática,4,Business Moment,Goiás conquista o maior prêmio mundial de mobilidade urbana por transformação histórica no transporte coletivo - Business Moment,https://news.google.com/rss/articles/CBMi2AFBVV95cUxOa3N3RFZLajAwOGxoR0xfOW5QcTVNZFZDQ1ViSi10TW5tODBFTlpucWpDbWxLVnNSNkMxUnVtcXpGeU53RnAtSEkxSGdKN3c3NGg1V3JTWGVqYzI4T2xSeUhxY3dCNjUtM3JoNXZ5UWRidDlQa0w3bXhYdllMU3FqMkFnZ3VuUDh2dnNzRjc3U1B0QnFDbXg1MzJHX0ZxNEY2cjdfREljNjJncG5UQmlibFpTU3E5ZXJqcDZLTTlVMVBwRjctaWJBaVd0cFZ6Q1hKaWtCUzc3V1fSAeABQVVfeXFMT185eUtuWkI2NzFxZ1JnZTJHMnpmZXZNWUI5MzRrYkJaS2ZBaWd5ZjQ3cnk5ZFVqNlh1R1FvNjhkMkhqM3NsanN0UTllWHlUYkVfVllBYUNZbGEyTlJHQ2s2QXlfVW13RngycElQQW15WmhaYkhZTFM3R0lwT3c5RWViUmM0eERWRnJ1ZF9VbGlDZEMwLWlieGUzd3JKd1hJU1BlcGwyMTktXy1OTlFzQ01zYnVxbEV5ejIzcWZaMzRpZVJ3Qi1Hb2N1MkJyQmp6UFZGb3U4Ymw0bjY1QmVqTk0?oc=5,2026-06-24,SAE|mobilidade urbana|IA
news,Planeta Informática,4,Portal GO 020,Mobilidade urbana: Goiás conquista prêmio mundial de transporte público - Portal GO 020,https://news.google.com/rss/articles/CBMirwFBVV95cUxPQkFpOE1YUDBzbDBfcFRGb1BXTnpFMC1lRWFNTnV1RXRLRTBwTjlvajdUNmFNbHpxZXY3dFFhM1d5MFBrM2ExSWczNTNLM2pSaGNGWG9fbnZqMEtnV3ZvaHM0ejFJRExNNGFxejJvY0VaU3BjM1lKVlloWThZWW1pVmJFWjRhdmlldFlCQzNyUXdUTkpCN1JMUHBVVDRMNmRDTjFSU2IwLV9BUFBBc2hz?oc=5,2026-06-29,mobilidade urbana|transporte público|IA
news,Prodata Mobility Brasil,4,technibus.com.br,"João Ronco Júnior, diretor-presidente da Prodata Mobility Brasil: inovação, novos meios de pagamento e parcerias estratégicas marcam as perspectivas da empresa para 2026 - technibus.com.br",https://news.google.com/rss/articles/CBMiqgJBVV95cUxQdHRxa2Vta19Wbm9KNk5TMDk3RVlmUnNUWVRBQ1N6czZiWHpueU11N055T2wydE1iVVRzSmhfVnVXeEhWNnFyaHM4aUc5OENNMVBJLUFDSHNpaTBDa0d4RE1sUE9KVzI1S0NKV0lERzhTSGUwRGZWUEFQLS05Z0FrajVKV3R4MzdUNG9GanNLOWxYdXZFY2FzeTZpM3VlU1o3cEtuc1JVc1FncGx1eUJXaFU2Ukw1VlBWbnJONHJWUDE3M0hQUThVWVVpYm4yc0xYYndmd1RkaVgwRjZZcGJtRVJSYjByMmNLWUh3Ui16RHRndmsya3JHTTMwYkRSQUU1NngtaWpkaXowZFBNUHdnUEV2UGxBNkdOOFdvZF8zSDRIUUhzd2JtbGtR?oc=5,2026-01-21,IA
news,Prodata Mobility Brasil,4,Diário do Transporte,Prodata | Mais Mobi consolida aquisição e amplia soluções para a mobilidade na Lat.Bus 2026 - Diário do Transporte,https://news.google.com/rss/articles/CBMi0AFBVV95cUxNQlByeVIxV1VLNC1fd21oX29WZHVPbDdoZXdoeDlVaWs4SmtfTGE1MHloVzR2cXBDOHB1dmxPcHcteUp5eTFVYXh6LXNzUEJSaXRacW9nMzNjYlNXaWR2dE5RYTNVWHZMNGtwVFY4bWl4eHpfcnpLR3VoQkhTR1gwU2R5eWpkbTFXM01TdXdEWlVBU0ZVZVhHc01vS3VZYVlsbl9SNmZZbExjd2NJbkVEUktxZk5ya0NxazREMXVWcUdNczRzSUtUWThOZFNMc2dx0gHWAUFVX3lxTE45RFhZMjdoaXdZbGdJX25IeldQUHZrNWxVRnJKY1FNYXhMZ2ZLM2ZvTWVCaTdad2Zucnh5Z25ib0RvSUJaY3dHWElGRHRiZ0VHa1BlTERrekdWRjd3dnpEXzM4cXZqbTZ1M3pxUktnTm1RV3VPUVZzNHRfZ3BraTRSSV8xWU1Zb1lRX19sWV9nN2FqQ2J3REpmRzZDLUk1SjV3Q2pqMExQaVFJUmR3elFpNWNHTHhqb3BWWUdQX3RBUXpTNVk4bF9OSlQ1QVY2ZE03RkhLcnc?oc=5,2026-08-19,IA
news,Prodata Mobility Brasil,4,Diário do Transporte,Prodata | Mais Mobi celebra 35 anos no Brasil e leva portfólio integrado de mobilidade à Lat.Bus 2026 - Diário do Transporte,https://news.google.com/rss/articles/CBMi3gFBVV95cUxQWkxLLWZDLVd0TlNPWlE3djhqcmFnVzQ4dUpsYlY2bVU3NUJkV2RNQTdRcjUxLTN3ems1aVRWUmtlajVWSjBIdmhsYk5lQjlsU3NVU09mWml2ei1pN1pRNFRzbk9WQjlFUHVXZW5MU0V5aWk5TDRNOUNHeTBBdE9JZDBXbmlITm5zOXJuY2t0ay1ZV2JnLXZoTmhaNEFWTnpmSHhpbkJ3YnhaVFlqRXhGUlkwNm80R3NSWXFmS2ZDcTlSRV9mS1FXTEl5MXJ1YkhWSVRKWlBRR09wWS1DYnfSAeMBQVVfeXFMTmVZY3NWU01saVI1LVhVN21WcDRSN1BjWElXMnY5T3liejFVMk43ODNPcmVyM08wbHg2Y0FkT0hZblplNmxsYmhVU3pETVJuXzU2UlBwTEdoTVp6Tkx5eFZVRTB5Q0dOT2N4MXZocm5id2xWMEI0ME9Wa1A0ZlluSHN2dTdDRXFWLWdzX0xCb1FGS1oybkdGS2tvdzZqS0hjZzN4YUwyUW9jRFl4bjUyN2ZEYkg5WlVYLUZzM3h5a2JVUW15RFVwSnMySGVYR1hqSDdJTGxjNzA4NHNVcERSMkk0ekE?oc=5,2026-08-12,SAE
news,Prodata Mobility Brasil,4,O GLOBO,Empresários de ônibus abrem mão da bilhetagem e vendem a RioCard - O GLOBO,https://news.google.com/rss/articles/CBMixgFBVV95cUxPWVJKOEo5RlMtZlFBXzlmS3FzVVVvT0h6Q2hJS01jWDlMQjRRdDVKVnBCYVppcV9rYllzLThLb2JiQ0pqTWl6aTdzc25rYTBEc3lnLWJZZ0ZTbmFoemV2UWJBa3FzVlA3NWRkQ3Z4NVNNSHgwSmc3RVRQczN6dkZqUVpIaFNXbzBjcFFIMWgycGU1dXlSZ2RFNmJxNjB5SGotQ014c2pZdzEwck43ZTlremhjVGhFc0JTbFVQdkZjZkRPLU9DaXfSAdQBQVVfeXFMTm9mdXlSMm16Q3ItQnUzaGI4ekx5WGxvMTJNYmpQXzFJQkU0bG5wNjBRbS1oS21kMnJ3Y04tMzZoRm5nWHhabmlnVXgtdGNISVR6bTBJUld5Umd1TllNN1o3amZ4Q253MGVCc3RidHhRNFVTR1ZvbVZSd1BSdE1aSzZ1NDhpZE4zTVJlVllxUng4T3kwUGdIVktuZ0RHUkVpbzF2TTVlVVJvR2MwdTJ4YkM3LXFzWDNLSTd5ZE1Pc1N1bGZEakZYRnl4UHRNVXl4czZmVG0?oc=5,2026-02-05,bilhetagem|ônibus|IA
news,Prodata Mobility Brasil,4,Diário do Transporte,Parceria entre Primova e Prodata permitiu à SPTrans inaugurar ferramenta que amplia os modos de pagamento - Diário do Transporte,https://news.google.com/rss/articles/CBMi5gFBVV95cUxNS19aLUZScklCa05FM0x5d1lnTDFZakxBNEwwcVFVVXB3SjgxZFd1dl9YWWFTYnRoWjU0Y1o4dm1XSnVRelgxa1JienNSSF9jb0pzTEtibnhfeWxQNGg5Ymk3MkJqNUNFTzlyZEdhdmxNN2piTVZybU9GS3RScElhTGVpLWtCQUxHNGU3U0dVSWRnQzI4V1RRa1llVk5VVU1JYnd5NzVkVVRaT2pFLWlCVV9oMDFYSng4VmRrZ25fbHpENm5lVXdCeThScm5OWGdzOXpHLVk0WkpWVWM4VFRXME56ZFpqQdIB6wFBVV95cUxPVDJqNnVnYi1QLXBKaUQxRmhFV3BBS2hGSHRuYUlYVHdLUXpNU2xud1k5eHhwb2NLYnFBVWJRSDBhUVZsRl9odlVhOTBYcW40U1pyeHZrell1Z2hzcVltNzFhSkszV2VqMmotemV2U0htY2t5dlQyUE5ORU96M2F2cFplRDAxZHdwMnRUUFFpQ01sY0pTMjJyTTc5dUdvc0NkeVkyNHNNdmV5X2NUbHQ4MnFDNUdjV1ZhcDBqR2RmZVAyNS1uUVp3NUZwSW9UM2pfbEdPeFVvTzlLYW5qZ2Z0T29OaDVGRTczbGd3?oc=5,2026-01-16,IA
news,Prodata Mobility Brasil,4,Diario dos Trilhos -,Prodata leva clima da Copa do Mundo para os ônibus de São Paulo - - Diario dos Trilhos -,https://news.google.com/rss/articles/CBMipwFBVV95cUxQS3lUSmEtS3ZpcVdWdEVWMEdDVWVIaU4xYk5MV1I5WUJjT3ZfTkJMeWpCdzZCYThHM3ljMlJnWmtONlZOWTcxMlBJNHVKc0l0RDFNRFlqaF9ibzRXYk1Qbll0bEkydTNWcEhDRjlwdm1lX0V6TC1EcU5KZDFRdDFVRklmV3BrNzRjUDE3ZHBmbXF6WGtrTVZfZHlpcXJYb0lXanBlQXNqbw?oc=5,2026-05-15,ônibus|IA
news,SONDA,4,Baguete.com.br,Fortaleza moderniza app de ônibus com Sonda - Baguete.com.br,https://news.google.com/rss/articles/CBMihgFBVV95cUxNVEF6WFNfQTRVYUtZMlRSU0p6MnBOaFJXbThVTTR6VGxud1pGQXp2aElCbnUxNDh1c3FuM3RQRkVZSGlFRUlxUEd5UjR1TGtXZjZtZGhfTHpaT3ptcG5vcWMzMjR3NmRUZXRMUEtrVmw4WjkwMVpfLTdfb3ZrZDRZYlotZXdYUQ?oc=5,2026-04-02,ônibus|app
news,SONDA,4,technibus.com.br,Fortaleza transforma aplicativo de ônibus em plataforma de mobilidade inteligente - technibus.com.br,https://news.google.com/rss/articles/CBMiuAFBVV95cUxNdGVOYTYxVHpLdl9sWlBPMWxjckFvVndtTFJxaS1Na1d2dnQ2c0p1bU1LWllBS1ZaYnl4MG0wTTgyNkFCdFVCRzFSNXQyNjRZZzN3WGFpVTJobGVNbWZoV1BjUHVnREdXeHBWSUxWdDJ6S0tkUlhOZVhNMTJzN1NSQU42RmNuVlhrV2F0bi1SSnhuN2wyeE1mWm5hTFFQRWwxSXpQeGZUVXdpZEJ0WFFRbG1Qa3lOLXVD?oc=5,2026-03-31,mobilidade inteligente|ônibus|aplicativo
news,SONDA,4,diariodigital.com.br,Hospital é condenado a pagar R$ 15 mil por demora na troca de sonda - diariodigital.com.br,https://news.google.com/rss/articles/CBMirgFBVV95cUxON2p6S0RsWW9mVGJoVXRCQ2xkZElmeTl6UHdLRHFvUGNuY0hVUF9rbU00OUtzVGVDaWEwbkFYTWZEbDBMTFh1VmM4RWM5MEE1QW1IVEJROUxLU2k2UVZQX3VfdWhBc0VFbEpaMFp0QzFUNVdHTGVVS3ZPb0gzT3hhNF9OWk1OcndEYklHR3haVlNLTkJUczdCVFVoNjQ5M3liUEE1VlFQUjhVUGRXaWfSAa4BQVVfeXFMUFMxaWt6VXJERDlzUEl3ZnVZTzZRQ18taHBOdXdjeVdkYndta2xrejBIMnRNV282UHlhSzFjWmFlRjBRRnhuYWtLQTBkbjFhOW1SMzBTY3E2MGZHSzUtZUNkSmdWVEN4LWpNTExPUnJiaUZlVUNiYTRMNGFRWm5ET3dadjl1ZGRzaGhkbURuMDR1RTJXV2xUMl9WODNZcEdTNEFiZUVkNGZ1cUdyeGZB?oc=5,2026-09-21,AVL|IA
news,SONDA,4,CPG Click Petróleo e Gás,Tianwen 2 Kamooalewa: sonda chinesa chega ao asteroide em junho de 2026 - CPG Click Petróleo e Gás,https://news.google.com/rss/articles/CBMisAFBVV95cUxNVHVNTURLTWtwelJpa2hmLWpJZkJwQllSeXU0WUJjS3VzcFRGYXZRX3pMdUZiWEZyYTVRSmhGX1gxN1BrbU1ESjJzdXZKUHRVdnljWXJOb1o0WERPQ1pQUUVtTmVtd0QtSzBNSkFhaXNlY3RmTXB2d1o0bENpLTFPU0UtbVlrSlFnMGpsRm1fMUt3NFd1UktwTlRWNzVUVjVvY2daQXpBUS1MTVBlQkZzNA?oc=5,2026-05-13,IA|GPS
news,SONDA,4,GZH,Inter adia decisão sobre pagamento de dívida com Delcir Sonda - GZH,https://news.google.com/rss/articles/CBMi6wFBVV95cUxOMTBHaGhFeXNKR1p3c09MN2N3WEFPRVBYVzBZRjlOOGpOZWpZWWNDRnY1SDN6TGFTLWhTVTBsWlFSXzBicXU0UzhhUFVDV0dKRXJpRmpFd1htamFEVGNHblZPTmRzZnZ5U0hyTVoyWktKTmRFQ3lBeFEzUU1ZX2lvYm05T1U0UFpBWDVfa016SUp5bFRNcktvY2dPS1NHN19oTlI4TzNCWnJfQmgtT3czUnRTYVNpRlJPTWhTS2paMFdWRmF0d0p4OTZ4SDB2YnI0dElMY2l2bUEtSUZIN3RTb1BUa3E0d0JDR3JF?oc=5,2026-02-26,IA
news,SONDA,4,ge,"Inter recebe doação de R$ 20 milhões de Delcir Sonda, histórico parceiro do clube; veja nota oficial - ge",https://news.google.com/rss/articles/CBMi9gFBVV95cUxNMlJqZ2kxZ2lZRUZ2b3hwTnVkZlRtVnNDbk5sVW9jdGpxQ1RXMTlaXzByMEpOZ2xmVUwzbDI4VVNTYlpCSFF6Nlk2d2d6WDdhZDhQbURrV0JmeG9hZ3Nzb3ZGYlZDMDliN2t5TzdLWmxSUGY4X1ZCbDI2clJPN1RLd05jbVBqS3ROdWMxMW5KODdzb0RwUUYtTnJnZlhuSmFSY0NUSUdZTUJydXFrb28tM20xUThTbDhETUhvaGNWWEZrQ09neXZjcFQ5YnMtdDFFZlBrTUE5c0VXRlkzZEZKNDNiUm05UHZJOHA1bnQ4TDU2UzBjOVHSAYQCQVVfeXFMUFBFbWRVa19BMGc4bkdiRmZ1eFM0YlNoSlJ3TUNnZ1lubWV6cE5wRTdRTVpITnNhWVY4QThTLURXc1ktZXVnQURaSGkwR05BOHRnaERhRzBoVDNFNjlzNUtuSUptQ2Fydk5uRDNnblMwRW9DSWw5TWJkeVdqdGR1cGJvTzhHbnFQUks4eXAtU0R3VkhSVVJGMkxaaG9BWmxCcGFpMVQ2SDFRM2ZIRU9UUDBoeTlCZW9VTHN6T21uWENZeVVzREJMdk1JdlRMbXVhM0NJVlViSDBOR0hjdG8xTml6dUdUWGdlTF9pMkFSWG10eHpFRWVsU2V6MjBlc2pRVG8zM3I?oc=5,2026-09-11,BRT|IA
news,Transdata,4,technibus.com.br,"Devanir Magrini, diretor de Negócios: ""A Transdata prepara lançamentos importantes para a ampliação do seu portfólio na Lat.Bus 2026"" - technibus.com.br",https://news.google.com/rss/articles/CBMi-AFBVV95cUxPR1RObWkyWnl2b0VGT29xa1lnTHdoaUJVUEpHNkZmU1hxejlNM1ZKLVNqVG5jZmpLS1FabUprck5jN3czbURFb1hSaDQyUDhKNWRGYklfUHFiZlI2REdtcTlvOFJOekh6SFpoVk5SYVIzdHg1S2pSSjRORjFNWkpwNks0SGNEVmVkdGFmZndmMmZLdUFpNUV0c0VmOUtYWVYzUmx2X3JMY3ZvVkc3SHRpdi1jaldqdkxuazktWUhhWnN5Rkh5cHpQbS1JNGVNeHNLdl9kLXF1eE5FbjhxbFktcUlqTkVsTGxnc3ZjYVJ6b1o0RFFVd25OOQ?oc=5,2026-05-08,IA
news,Bus2,3,Folha BV,Passageiros reclamam de redução na frota de ônibus em período de férias escolares - Folha BV,https://news.google.com/rss/articles/CBMiuwFBVV95cUxOZU1GYWdKUUVwWjRYVlMtaFNkRVJUQmEtQU9kZHhIUU1uOXJoTnlyZ3U0WlpmUXB3MFZVbWVRSy1FRzRhYUpfLVBBUW93YUdGczIyWGdzWWtUYkJRakJyWk5xY3E3MkFPWEZhMGE4RUpPSEtwSFNRS3hwMVR6aXpfZ04wbWZSY2YwYTRRRDBtNUNXX25SdFZPNDJ0RF9BUlU1VzRQLXpxRFd0a1FkS0NwdXBDbzFpaW1jVWtR?oc=5,2025-12-19,ônibus|IA|frota
news,Bus2,3,Diário Gaúcho,"Novo app, TRI GPS promete reduzir a espera por ônibus em Porto Alegre com alertas de chegada - Diário Gaúcho",https://news.google.com/rss/articles/CBMikgJBVV95cUxQTHdmOE1yektqM2FNT3hHSGJGSzhBeXc4X3dVTWlPVFZLYjI0TU9jNU9uU3VxUEE2OXMtS0tNWFNEMERubEtOV1hjMVZsYlJUZWx6UDV3WVpoVzl4WDNmalhyTWVhVEdGQVRGMGNYcUxsdmFkX2FiWUtZWGNzYXlsRmg3SnEzY2lnV2hqcElEOFhqcE10d3lyQ3gxQ1ZrOWJhamRSclplei1wUDJ3RVpxQ2hLUHJPLVVqdTVFZFZBVWVyZ3FuUXF5S3JzNjRNQjVjLVBwZEk1Q01UbW54bURBTDdOYTBhdEQ4TUxMc29YZjFQdlh6U2ZPVTdNMlZpRlREX0Q3NUlhcm9CZVNqZG1KVDNR?oc=5,2025-11-25,ônibus|app|GPS
news,Cittati,3,Tudo Rondônia,Tecnologia reduz espera nos ônibus em Porto Velho - Tudo Rondônia,https://news.google.com/rss/articles/CBMiogFBVV95cUxQVXpJZWRlUXZnU1AtenNDazBTVkFRNldpUjFwYXJSeHcydG1aSEl1Ui02dm5NSGdUWUF3SmRiYTdMbFp1b29HRzJsdTMwMER4YmtqTE1rZnhLLUdmZ0VzZ0VrVUx6N0ptaUI3eXBlbndUTEc4VG42RVJuUlZVemh0LU92NHljeTdhbE1NeTVRbDBtRjFtcEw0M3ZTZTAwWWxnNEE?oc=5,2026-07-24,ônibus|IA
news,Cittati,3,Diário do Transporte,"Cittamobi: mais que um app, uma plataforma que une passageiro, operador e gestor do transporte - Diário do Transporte",https://news.google.com/rss/articles/CBMi0wFBVV95cUxQRUNJTjhud1dYU2RjVDlaZjdHZkRHQjBBdHZPVFVvaVQ3WVJyN1dWVXR5WEdMSElOMzNFdkRIU05nazRRc19ZUE9pUm9SeV9RRDJGS3FRblVlZ0tnd2hucU1xXzNEb2I0WDVhWVlSZm1oLWYwM3NJeWM1SXc0REVlVHdCcE9XQlI3bVpRcUczRkY1RkFmaXFLb3FUOEpRZEx0T1c1NHhLLXM0Zy1MNGJWbS1zVVZMbU51akxOTnNIM3p4bVVyMThmLWhDeFBHQUR5eS1Z0gHYAUFVX3lxTE9Mc1lRb3doSEVrUmFRUV9jdW9CTnFjQ3p5aFFNdWhPU25FTmtPQk1iRjhnTlZ4UTRLdDZ0TFRjUU9DV1MxZjFXQmRRdVlIbmZwVGV5MDNYakg4TGd2cmJYZVd1SDUyd0hSLWlMMU1ZVXhCeGtSS2ZOZlFPOWVnM0NwSVRMMjVIWDdXVi1WU2dDa2trbTJIeGdLZzFiR29NRGdNclA3bHNiWHJ0NkdJRF9JMmE5S0toRHNmdnVIXzI1d3FNaEloRVF1X3A3d1RQN2NTWnVzaVFxdg?oc=5,2026-01-19,app
news,Cittati,3,PMFS - Prefeitura Municipal de Feira de Santana,Prefeitura instala novos abrigos de ônibus com acessibilidade e tecnologia - PMFS - Prefeitura Municipal de Feira de Santana,https://news.google.com/rss/articles/CBMidEFVX3lxTFBMOVZWUXowYWhOS2k0LU5YZHdvbWlDQWZsTmVyMi05YktSZWZwTnhfblBTTDFnY3l6OGlZNHNqVmd3ZFhXOWtZZUhydGl1Z2VjVThVQnRkV0ZqQVo4ZkpOTXREaEY1Tnl2YXJicFQ5S19HWnhY?oc=5,2026-04-16,ônibus|IA
news,Cittati,3,Prefeitura de Porto Alegre,Porto Alegre tem novo aplicativo para acompanhar ônibus em tempo real - Prefeitura de Porto Alegre,https://news.google.com/rss/articles/CBMirgFBVV95cUxPM1JQc18zc0d1U2trX3RBMWZqRnh2OWpTN0NOVU4zYm9PNGg1aU1saF9PNzJUbU5ZYVBZd1RaeHd4eWc0OU5OUGtRcEUtM0hVRllhQUUzRzVGcDFFTUpXdHJ1Z2pzcTlwYWxFdFdKeEwzckdKOE9HbnFZSDJCY2o1d2diSXVmblZrcF9qeXdwRkpMUjIyMEFkaUU4N09qMWpfSjUtcU1GWUpocllTcVE?oc=5,2025-11-25,ônibus|aplicativo
news,Cittati,3,Fala Oeste,"Transporte público de LEM oferece mais conforto, segurança e tecnologia - Fala Oeste",https://news.google.com/rss/articles/CBMirwFBVV95cUxQdGVSQlZ1X1RkLWxVWG9hQVRkbTRhMUtVQjRRQ3FmdW1nVFpuTmZ0VHBmLXJaMXFfOEZSbHZwR3pQZzg5UzBDNWx6UDJSU3FnYzM0SEp0alQ2N0QzV0ZRRkFsdDVxNXVsZ0tDSVVabHBMa192Wk9mSktMczlSWGRBY2g4RENWcTJvelNZV1RWV0ZuOTJOU1g2VEcwSV9ybzlPUjU3WTkyTXFCWVJORTE4?oc=5,2026-06-24,transporte público|IA
news,Cittati,3,- Biguá News,Grande Florianópolis passa a ter aplicativo para monitorar ônibus em tempo real - - Biguá News,https://news.google.com/rss/articles/CBMiqAFBVV95cUxPQnc1TEg2WWVWZ2tEMVJRQnc1NXhxYmdRZUNQM3FYX2ZOT0xPTXBuYUhsWllnbEt5eXZFTF9TZjJKOGhUTHI5alIzbUNBNjFWV2M0dXhWbVFiUU44MEVSaDRmckM4TFl2RUR6ZU03VXcyMVJtTDRfLVFhTEY4bUJRMGVMVlpwblByRTl2b0FIT3BZcG5xVE9NdVdINUlrYUd2R2J4eWpsR00?oc=5,2026-09-08,ônibus|IA|aplicativo
news,Cittati,3,Portal SGC,CittaMobi transforma transporte coletivo em Porto Velho com ônibus em tempo real e menos espera nos pontos - Portal SGC,https://news.google.com/rss/articles/CBMiS0FVX3lxTE9mTG54UWVMVHFtRExCS1FDMnN2Y0hhb3BIOGpRV1J0MXZwOWJNNmhOTks2dkRiSkgxMENEODNHTnVDa2dnaTBHMl9fMA?oc=5,2026-07-27,ônibus
news,Cittati,3,Jornal Panorama Minas,Uberlândia adota Cittamobi para ampliar informações sobre o transporte coletivo - Jornal Panorama Minas,https://news.google.com/rss/articles/CBMitgFBVV95cUxQSFpHOE9RNm1fREpnSHFjdEV5elRjWjdlTVFmQlRvZzRqSHlYaHNlazVQdFZTWjF2Sjh2OTN2b2RVS2JlaU8zdm5Gd19yZC10ZThsYWtscF9TcHFFODBKMjB0dlVwcUx2NXhVeE9HWjhvT1lMZE5ZSERQSXZNMlhVMElHMjZZV0FIbkQ5T2l0UDYwNkFDYVZNNml3N1NILWRaMVpQTENRbjBENzNYR1lTME1OOG1EUQ?oc=5,2026-10-03,IA
news,Cittati,3,CNN Brasil,Pagamento de passagens via bluetooth é implementado em ônibus de SP - CNN Brasil,https://news.google.com/rss/articles/CBMiuAFBVV95cUxNOGkxNng4V2VnbGEzbVRkMXF4V29Xd3hzMDBQU3R0VE1qZ0xtMGNFZ1ZKbTc2cjhDN1VoR3AwOVNlbFpRdXlmOGtQcGw3eW9YYjRIZWp5c2luLXdUUU44bTFPRU8xenBXUGVqb3dXdk16SkxwTUdjVEhILWt6TXFTd3JuVkJiVVdWMzZhN1BxX0F5dUROemRkOXU4UG5oVEZxUk9lUHJvaFdMZkFzYkdpSzBCLTdJdTBB?oc=5,2026-01-14,ônibus|IA
news,Cittati,3,InfoMoney,São Paulo libera pagamento em ônibus via bluetooth; veja em quais linhas - InfoMoney,https://news.google.com/rss/articles/CBMirAFBVV95cUxOWjcxOEZmQkF3SUtlbE5RckZGRE9rWmxLODBsU2FKdkVvdXhSODY4TllDMEVtUkJ0UzdhVmRrRGMwak9oRXA0ZGc0OW8zcm5Dd1ZZS29sMEZ6Rkt0QWhCTnFYc2ZRZWZGeWVuVjB2bndqeFlIVk9XUm5ndEg3cUxaUUE5X2V0MmJlYWVuZlJTOUtxNl9VTWpHRkZ5SDNlakNqMEwtN0wxaHdKMjdi0gGyAUFVX3lxTE1xNUhaT3JyTHZOZUktNjE1QWtiUy1fOGw2WDUtWFBTVXJFMmU0amVyeUVKa3phdXJXWXRJazRnZGlxQXFydFhfaXFuckU0Mk9MeGRJbC1aMXhEZTNsbkNRZFh6T0ZmdzZHd2xWT256aUVxeGdQMzYyNmh4TU8xdXRNVnNWbGxaMHpzQzVBZFVDQzY5ZElkN2V5SFkyMlBrR19hM1d0bEwyY2xvTEl6RGRvZkE?oc=5,2026-01-14,ônibus|IA
news,Cittati,3,Exame,São Paulo libera pagamento em ônibus via bluetooth; veja linhas - Exame,https://news.google.com/rss/articles/CBMikgFBVV95cUxQMUFlRFd3Ym4teUNqSnFkWG9QTktiNFJRT2w4ZVIzUmptYUtHNlFVWnB3dlhCOV90TU9LZXQtV2p1NFFReFV5bTYtNnZkeW1qTEdDS285Z0FpLUcyMmpodkdaUktmUnVWWHpHaDFQYnJHWVF2WU9CaDZvNFpDaEtqaERkRlJ5Y3p1ZkpHd0RmMWZOQQ?oc=5,2026-01-14,ônibus|IA
news,Empresa 1,3,technibus.com.br,Empresa 1 leva soluções de digitalização do transporte público à Lat.Bus 2026 - technibus.com.br,https://news.google.com/rss/articles/CBMiswFBVV95cUxNaGRJN3RRVUtCaml2eTVrUGw5MU85UXBEZndXOEpCdm53cDhFMUh4bmZ6ZzZGRy1fMkpTVzVZLUxTdGFUYjQ5OE8yTFBFb2oweld5WkppUUpNdnJ4bHZ6WFZPOGg2dXB4UFdUT0Y5ODI4WllQWXNJVVJGdEJFUVhtNmJSV3RDbGViS1ZYWjZRNkFoU2ZzdWE3cTc1ZGlhbURpX1ZyTG1lN001VlYyZ0ZBckFzVQ?oc=5,2026-08-07,transporte público
news,Empresa 1,3,Portal do Trânsito,Do vale-transporte à biometria facial: o que mudou no transporte público em quase três décadas? - Portal do Trânsito,https://news.google.com/rss/articles/CBMi1gFBVV95cUxOcWFSMDdIbmh6Q1psMERIU2pabUJBaF9ITWtqWGVPUFRSaC00bEhOMlYwZzZpdmFSTTRhZ3NMcGRZSDJBYVl1TS1UTmZhSHFNYkEwN3k4cC1vVE52TUZpLWxWVm11U244Z3Y4SDV5bEZleTBXRDZvSVlBeVFMenE2QzZOYVNsd2laai1hN19ONDdGZzlsc0llT0QtUk9weTlTX3c2UGpkbFBhODFyQ0J2d2FoeW4yb0tSaEFWRHFYU3JMaFZ1NXoxWHg2OXlYZkhLZ21ybDRB0gHbAUFVX3lxTE5rbUFkN0FjM0YzSHlDYzJkY1ZJeEFOTWZDOGpudjlHbGUwbnFlTDJXX3JqWHA4NlJqajQ4cVFmTGk1YVBVb3FTRndkWDBCYkFEQUo2VlFMMWRWdGlEZDk5MmhJM2ZFZ0lHdFB2UXR2cHJkZXEwV1dIeVZCVkt6Q0FUamp2ejMxekVmU0F6SXBLM1d5aml4QzE2d04zaXJQdlZCNTltNmFsalo0emp5aUZRRXREaGRzZEx3Qmk3eVZObGJiQ2taRUJZeEMwXzlFWFJ1cERyS1hTNDMzQQ?oc=5,2026-01-14,SAE|transporte público|IA
news,Empresa 1,3,technibus.com.br,Foco no cliente e uso de Inteligência Artificial (IA) dominaram os debates da Oficina da Tecnologia - technibus.com.br,https://news.google.com/rss/articles/CBMizgFBVV95cUxNSWN0c2J2eEhZaXJ0SnFBV1VFTlBpVG1BY0N5Z3ZUS25PdzJsOHpsX2N5WGlCdUZtN2hEXy1nNHdRUEFHZmhENUpLd2ZxSlJwSDhXQWJQd2d0QlQ0LWs5NGQ2YWw2WDd6LTZIYXZKYkFfYWl1cEg4cFpzMkZHaHBYMlNEUUhFcWRkbjExUlF1aDlBbHp1SnlaRFY2OVpKZ1h0RW81YV9ueE9YSXNJWUdoR1BUSTRJNnJvWHU0VmxkQnpvT3FmWHNZTHdBb29JUQ?oc=5,2026-08-13,inteligência artificial|IA
news,Empresa 1,3,technibus.com.br,PIX se consolida como forma de pagamento no transporte público - technibus.com.br,https://news.google.com/rss/articles/CBMinwFBVV95cUxNdV9BdmZ3YlZwWEVsNHB3RG95SkFnZllMa0NYSk1lMEh6VjJMT2NoZnBKQmphTF9HYjJPVDFzaThvV0pEdURNWEFBVWhjcTU5ODRGUkI0NU5YOUhoNHBrYTVlbHRIQmJNWS14Z0NZZjJWRnRLNHo0cXdHLTdxVTZ3VnROdkdXenJOVHdQdTNEX2VIVGdyVnJkNHFwYldOWlU?oc=5,2026-05-04,transporte público|PIX
news,Empresa 1,3,VEJA,Serviço com IA permite recarregar bilhete de ônibus pelo WhatsApp - VEJA,https://news.google.com/rss/articles/CBMirwFBVV95cUxPU2NPenBtQXVGaURRSmNLZkpSY3ozWnF5NDFYNUY2QmFrRi1CR2FFbDVWaThidDEtQnZXTkNjYkd5dVRmbVVZamFKSzVZWkptR1FHVWp1dzAtR2ZoRVNqbk1sYkNrenVmamx5d3FHWS11MjBhT3ZoYkRDeHFya0VUT3FfNy1wbUR1aTVWSEdjcmpfb2hCQVJicUFyVWhkdzEwZjg3NHkyRkRWNVFEMk04?oc=5,2026-05-12,ônibus|IA|app
news,Empresa 1,3,technibus.com.br,Bilhetagem amplia opções de pagamento e acelera transformação digital do transporte coletivo - technibus.com.br,https://news.google.com/rss/articles/CBMixwFBVV95cUxOc1hBUGpoY1B6Z3ZxaDZWb2d1RHhCNXVZanM3am9SVzVkYXdyQ19XMG5TWmZWWklsM2RTcUJIdlA3a0xlTlFGc0Y3aXZEWXlyZEZqOWtyZzVGX2h4YXI1X2EwOWdCOUd4Sk9VeFNpS09hZExUQ0NlMEp2X3hCOHlBWHE1a1hUbEZBbU01SVAwMUtocXFtUV9DRVlDeERUVTU2a1hOanVhUU5odmNXV0d4b0lINk9kZ1hfODNWVjhaZ3pTNjMtSkZj?oc=5,2026-06-09,bilhetagem|IA
news,Empresa 1,3,Guarulhos Todo Dia,"CPTM inicia implantação de pagamento por Pix, inclusive na estação Aeroporto-Guarulhos - Guarulhos Todo Dia",https://news.google.com/rss/articles/CBMiwwFBVV95cUxNQUpLYnlRUTl6aUo5Q29rWVlWeGdyYlRpWmU4dl9XSDViY29kUjN6Y0VINlczQmI2OWlOZlN6Zkpja0JrVWE5UWQ1T1NoWEl6bU5NYmg4VVhSbDhUV1plVXV3RHg5bjNhczJlNDNjTjU5aGRFNVlCRTF3T2c1Y0xEa3hXWDYyX19GdjhQMnpMYnhzSXowNTJoenk2aUV5UjNXQ0paRHlKcUJGbjNPblNSQ1h6a21WMXdwSml2aFVFZERTVFE?oc=5,2026-06-08,IA|PIX
news,Empresa 1,3,Prefeitura de Rio Branco,Nota de esclarecimento: Prefeitura restabelece sistema de bilhetagem e mantém plantão para transferência de saldo neste fim de semana - Prefeitura de Rio Branco,https://news.google.com/rss/articles/CBMihgJBVV95cUxNVzczTnRMQlEyWUhUeFRlbzU3SWkzakFZazJ4aGVFYlpub09YMkZsbzktT3BuRlNjbnVjWm5RQ3VPZjBSNjZEeG12bkE1S19sWFV0WE9INThrd2hFVC1ydnRiZVhRTWVjandwZXJ6SW1ZX3RHMDVzSm5MQnFCbTFjS1NSRUJFVlNQNDMwaTVOLXRLV2Z5TDJhZjd3MzFsS0FMQlBxWXlIR2JCYV9ocmt4LWxJZnc4SkZUYTNHa0oxaXk4RVhRNl8tUDlHMTdta1pSYUNrZF9MNl9ocXRVaXhqV3dTYnc0NDh0RVdkbmN6SUpPMEU4NklqdVhSUjBaYU1tV0Q1emh3?oc=5,2026-10-10,bilhetagem|IA
news,ONBOARD,3,Grande Prêmio,Power aumenta coro e pede câmera onboard em carro de Palou: “Estranho não ter” - Grande Prêmio,https://news.google.com/rss/articles/CBMiqwFBVV95cUxNNzhIcXNYaGloUEVZTkEwa0tzT3lZcXM4RUdTeVE1T0J2aVZVa0J1c2wzcGtGbDk0TFdjX3c0ci1HR3g3dmxFVDI2bVFKMGphc3REVkFZem1qeXlDa3d4UzRmWXJVakY0VXhXY1Vhb2FFNWh6OVY5UW9rZXJHYm5NaXctTFNUMGpsMTlFNGVDTHZLU3Z0eVo1Ym1mazFfVGdHQmM2N3ppYWRSNmc?oc=5,2026-03-16,GPS
news,ONBOARD,3,www.motogp.com,OnBoard: embarque com Bez na volta mais rápida da história em Aragão - www.motogp.com,https://news.google.com/rss/articles/CBMivwFBVV95cUxPaEpXUkQybmtZeTI2THBHR0VnNU1LbGxXT1hhRXVjaW82VjVidzNLWWFLWEJFV2xnc2cyWk1WT0RNM2ZHU1BrbEdxUWNadnNwUlU5cFZQLTJDQkhHeXdRWTBsZVV6eW9LTjh2dzFBZ2NTa0V3d25CRG5CYkRWTHY5eGxCVWF0UFJMQjVrMEpGV1RZaVo2aFQ3bHpjSHRXaWpwc0ctd1prTGdVU2VqMWJLOXppYWdBQUFWVENaMXdGZw?oc=5,2026-08-29,IA
news,ONBOARD,3,www.motogp.com,OnBoard: Márquez reescreve a história de Sachsenring e conquista a pole - www.motogp.com,https://news.google.com/rss/articles/CBMivwFBVV95cUxQMXBGYVVYSldpTF9yVEQzbzA5bVVnSWVOa1dyd3o4ZlNmY040OGdRazg5Y01heFNMUjMwcTk1Q3V6bDAyekpCcmlkT1AzMUJjQkdXMWxyQnpFNld1WmFZU2JJa3RYQ29TRUJvRkhWTWNOaFF5b2ZmY0d1OEFlM1pxazlBVVFodG9OZnoyakJ3RTN6YmRfcWk2bGJydDlXeXRGMTdZdmNCRW1tOWJFZEFGTDdqaEFacGhJVzNZVFRGdw?oc=5,2026-07-11,IA
news,Planeta Informática,3,Click Guarulhos,Torcida pelo hexa tem validadores do transporte público temáticos e cartões que celebram as conquistas - Click Guarulhos,https://news.google.com/rss/articles/CBMi4gFBVV95cUxNSEV5RTR3TzhRaVVzYUJHUXBEZjI2OTRYeTQ3YzcxT2lVdXRKdzBHMHZpNWgzUmVoSDJwWEEyY1pSMWZybjUxN3oxMkZNdDVtdGU0QXFIMmdFdnNybFU4TTVtaEpPOXF5VExqNFliNVg4NUFXUWlFLTBKWjVVbHlfdEtia045NTRrRE5abEFOaFFtUTVRNEgtMWNhdjZGUFpjMC1vWnZsUV9vSEs3b0t0SndQWExtemNuNEdRRktVRU4zS1VIUDhQLVd4X0UzMnAyQXhFYURjdl9PdjRTSjBENkhn?oc=5,2026-06-13,transporte público|IA|validador
news,Planeta Informática,3,Prefeitura de São Paulo,São Paulo atinge a marca de mil ônibus elétricos e revoluciona a mobilidade urbana no Brasil - Prefeitura de São Paulo,https://news.google.com/rss/articles/CBMi3gFBVV95cUxOWmh0cHd2ODBEQVlqb3FzZ2NDYXFDV3hyaHc2Uk84Yzd6d2VwN0VZM0RpZG43YXM0Z1M0UVI1Szd0S01YVUNqZ3U0OXR0Sncyd2FicmtrTTZuWDdSc3BTbFVyend6VVNOaE9IbDFMYnBBV0RNXzBJbVJhTjZmXzFRWjdSel96YXRXSnE5blZGcTZaUklpR2hGUkgyTEJlbU9NRDlZakZ0d3p3NGZ5QUNmeXJKUkRWS204YlNwWnBGOGhVV2VoSUdrNnBMVVZJcm9WdDVaVk81UHdYa2dJTVE?oc=5,2025-11-04,mobilidade urbana|ônibus
news,Planeta Informática,3,CPG Click Petróleo e Gás,"Com megaprojetos erguidos do zero, trens de alta velocidade que integram regiões inteiras e bairros completos construídos em poucos anos, as cidades futuristas da China revelam como planejamento agressivo, inteligência artificial e energia limpa transfor - CPG Click Petróleo e Gás",https://news.google.com/rss/articles/CBMiqgJBVV95cUxPVW0xMW9Vc1E1TnBGNEt6dlJBRE81Z3BfbG5IRnFvQmVXSlZuNHJPS1Z4b21MUmp4a0U2RGxEVDIzaHo5cXFwTFItSDNFckJXLVBCcl91N25fcGh4NWFIbl9heEUyU2VCUnlfdWVjOXRWRDJhcUxQRVZvMUtyRjRxX1dXQVF6ZWdZenpUbzZFeDhHWThqSWpqaktTZ1ZfUEdmT2QwN01BWUZlY3luTk9CU0czLTNMNlo3dUZ0UDgxZnBRcE1OazNDZ1Q2Z1FGdlBBNVFPbDNJdHdSUndYRHQ2VEtuVS0xOHRHMmJyZ1l0VkhhY2ZkSkRsbWgtYm9EdlRWOEZyT2pjVkpsNTZJSVczMVIxZ2Vtcl9RNXU1eDVvLWFIU2ZBQTYxWkpn?oc=5,2025-11-24,ITS|inteligência artificial|IA
news,Planeta Informática,3,Correio Braziliense,"O ranking Connected Smart Cities apontou a cidade mais inteligente do Brasil e do mundo por eficiência, tecnologia e bem-estar - Correio Braziliense",https://news.google.com/rss/articles/CBMiggJBVV95cUxNWFNJZEltMnJmeXZ3NEd6dWxiZEhpWkN4d0VMME01bUYyWTE4WXVscmFwOEtUSnBCb0NMalBBbTQzOWlRWXVHaDVXcEVucVlKRFRTOG9Oc09aQ2dkR3p1aHl6ZmNtZDl4eWF1REs1ZnpNQWpzSkR5QzJ1eXBNaWlhTWNBR2VoZFhLclhkc2R4VUs4bkNjaTJZWEI0eXFpNDhKb3IzNlZOY1NJd3BWSWxJdDZEbWZKakxNVDNHclVac0ZSd2dnbHRIVlQ3RjRzcU1NWkMwc3FvQm9ETGVGS3ltQmt1ZkhHSUJxaE8tY2xqQ2dSckFraFpUUjhvNXJiZ3NJaGc?oc=5,2026-03-22,smart cities|IA
news,Planeta Informática,3,Instagram,"Belo Horizonte aparece entre as cidades com trânsito mais intenso do planeta, segundo levantamento internacional divulgado pela TomTom, empresa especializada em mobilidade urbana. De acordo com o estudo referente a 2025, a capital mineira ocupa a - Instagram",https://news.google.com/rss/articles/CBMiUkFVX3lxTE1HeEJOMjVjcEJGcnJzNlFndUo2cDFSSmFJaXdCd3NlYV9LcUN4U1NPOEgyOVN3elVPZVR0NVZsYk45QlBRaGd2WGtXY1N0VWZmRUE?oc=5,2026-05-17,mobilidade urbana|IA
news,Prodata Mobility Brasil,3,Diário do Transporte,Tarifa Zero: Mobilidade gratuita em Balneário Camboriú destaca papel da gestão no transporte público - Diário do Transporte,https://news.google.com/rss/articles/CBMi3gFBVV95cUxQNUZXbDRzRVdEZlpkUUFjcU40dW9hcl9YN1dfLTl5bEE1RTdiZjU2bWNQdTZqQjl5X1hMOWtHV2tMcTlFMDh6T2FOX184MnY3SHhHYVJIMFdtRVNLTWF2ZGV6UTNmcEpnVGt2Nzg0OGZPYnpGNlNrSHdBV3dkaVdNNjdjbjlJSS1uYlM5b1NLcm5yZ28zLVIzX1RieFRDQWp5Q3R3ekNUSUtTS2k0OHFCTmJTeGNvTzhDUV9xMTRvbUZLYndLTGw3eVdkZFg3MnlEYnhKQzFVaGVkRTFzYlHSAeMBQVVfeXFMTXNaZHZ5TnJraGVtd0JScDNhTk0zSi15dkluSFR6Rm1MeHFpUmRNOFN4QTg1NXdCZ0VaM2JnVmpIT0hiVmdJZWN4dVRmUlFHV0I1MUQ1dU5Jb0NTLTQyRVB2bVJrdHRoczFFV2lMMGhzbGtvbHgySXZvQnlwQ1I5YXVaN2RWdXdTWUFDZlN1LU10aVkwQnZRVkZZREJBRmpZY2M4eTdla3QyNzljWGhhS25aeFM2dWQ2b2hEZ3JoeThITVNmOEVUWXQ5WjkyYXpmRGFoaXpMVER3TDY1eXpac0tuQ0U?oc=5,2026-03-25,SAE|transporte público
news,Prodata Mobility Brasil,3,Metrô CPTM,Acordo do Metrô de São Paulo com empresa de bilhetagem é questionado no TCE e na Justiça - Metrô CPTM,https://news.google.com/rss/articles/CBMiugFBVV95cUxOQWRLOXBKYklueGEwRjZRNlJrQ1V2RVVBSEV4NVRPTkhycEd1MUlSQ0tvS05BV19ENHF3RlNTTEZTaWJMWHdOZ3Qzb0U3b0ZEX0g0YzVoR3lUTk1lLWlKdXB4WFpTR201RDFNRmRoWm1ZS19mamZSRm1sMmRPelg5aWJkRTlPVTNJaTg2bV9KOGhqNkl4MkoxTVo2blJNS1U5OHd0VGdjdEZ6SGtUN2xMR0VtbExwbnhDWUE?oc=5,2026-01-29,bilhetagem|metrô
news,Prodata Mobility Brasil,3,Diário do Rio,Empresários de ônibus vendem a RioCard e bilhetagem do Rio muda de mãos após 20 anos - Diário do Rio,https://news.google.com/rss/articles/CBMirgFBVV95cUxOS0Z6VHNGTHh1d2N0Nzl3MFphYXF3bjFkcW9UUzhyaHVfYmZWYnRFUXBfY0Z1VHJOaW1tY1hpQjhKV3dYZGF1YmhBdWFRX1dCOVFDNk5ndWRJR0xRWnVHeDNJT2lzRXBDTXlvaElzU2VuQnVMM2p3UGd2VXRDbGFJTkEwNDRYTmhudWR4a1hBaGZoemkxZ09NYVBQcFhod1oxSndfS2ltWW1Rb2xKX0E?oc=5,2026-02-05,bilhetagem|ônibus
news,Prodata Mobility Brasil,3,technibus.com.br,Prodata anuncia aquisição da Mais.Mobi - technibus.com.br,https://news.google.com/rss/articles/CBMif0FVX3lxTE5HUFZ1YTJ3aEt0dUFUeXlBR25ZR3diN1l2QjJ4eEdOcDN0dkxxTmFrMW1fS1FSWldxSmZnS0tveUxNZFo3TTNzRHJfUS1ORnI0RVJvVmE0M3NBOFg5T0FOVjVyUmhfV1k2YlFTRmhkWEx5a2xhUHFBa3hqMGJ3NWs?oc=5,2026-02-05,IA
news,Prodata Mobility Brasil,3,Diário do Transporte,"Prodata Mobility Brasil celebra 5 anos de Pix nos ATMs com marco de mais de R$ 6,8 milhões movimentados em maio - Diário do Transporte",https://news.google.com/rss/articles/CBMi6wFBVV95cUxNelZXLVhSRmZFTERiN1dkczZkYkM1clBwek1FYXc0b0c5T2wzSnhic2c3V0JDYUJmbVVhczhMRWl5a0h5X2xWcDlJR3ZRWGU5bkxfSGxXanRnREh1M1FtZG1hcFZ2MEM3b3ljQS1uQWQzUWV1OHo3anRqbGxqYmFyLVVWZGpyV2JGSFJTRzVDR3kyOEgzZi1Ba0FlWEVPY011ZGZUMzVRcTgtaU9zaUxtMUpzOVhRbmNYbkNINjhyTWpjeFJDZDFuN1JKUjhwM1pzRUhRYmxQN1gta2pZbV9Kc1NCVzdiR25zazMw0gHwAUFVX3lxTE90RVBraFJQbFoxQmdkUzk1bkc1ZjdsaFc1VzZORjZEWjJPS3dtVm5zM0E4YWVHOHNXSEtPenBjRzR6N0dEclFaLWVPSHdiVHZvNWg0YWpGQTYxVHBZNnYwWVk1OGZkb1J2ZjFTWm1OV2pDMjlIQ2dYZUZzY05kdHU0dDI5VjV2MzBIeEVvNDBIbV9FRlVDWGVTRUQ3OElHRnpXUWg5bWZMaWlMYVE5d091WFd0YVpEZVMxTWdoYVBSYkVINlRibzB5YlJMb1lWOWYySnZJb2tfeXFiWW1FQkVLT2lJdGF4SHlpYnFLZl92cQ?oc=5,2026-06-09,PIX
news,Prodata Mobility Brasil,3,Diário do Transporte,Vai de Bus e Prodata: quando o transporte público aprende a conversar com o passageiro - Diário do Transporte,https://news.google.com/rss/articles/CBMiywFBVV95cUxQQUcyOG5zdDVqa2R0b2ZDRm9CRC14OFQxQy1lUzJCTm01VjIxd1RNT3BWY0xmdzlhTTJGUVRaMTFzY3NUTkJFTk83ZEhXVFBRaDhpQ21GVTJlckpLMkMwdXlLcjlOS0dEU1c1NTMzcnE1eWRTOG1BejZpUGx6RDc2UkF2U2FJN2pKdTNlUFJyNm5UZjJ4VVpXQzlEc0s1TXgxdW1vLVNpdnJrQk5zV2c5WWhqYTJ4NzRUZzFzbVVfdlNnX3ZadVZjbVB1NNIB0AFBVV95cUxOdll1OUpTT2pFVVlVd05FZ3pTS083VnN4MExYMm96SEswT0JyZ2UzcXFDY0lVMEkxY3dwb0M1TXdMNWJDSHB0cmdxSjNubFd6TUtKWEhab0xRdXA5MVJlb3NCVWtGT1BlRHNyclVwX2tzWExXMVdCaDV6T3pnanRWMWt3MkVIcThmbHJJVTA5MVNrd2hpTFphQ2RNRWE2QnlxN05MbHJpemNSc0Jfb1hlZ21RRE1UOHRCeXhXd0lwOEh1dGVrQWF0aXhLV3BZODNV?oc=5,2026-05-25,transporte público
news,Prodata Mobility Brasil,3,Diário do Transporte,Prodata Mobility acompanha revolução da IA em Las Vegas (EUA) - Diário do Transporte,https://news.google.com/rss/articles/CBMiqAFBVV95cUxNRVM5QnplVDljcExCMzFDdkVURjVVSXFqb0NWX0YzNl9oa185TjFJdEJTdnJGMHgtblFkaWpNVmFhbVJ4Rk5OU21kT0ExSmQzcHFSSFVvempqVVNQMVBXajczQkJlY3lzVXBadkpzOXpXMHpyUURtNlZNMFlycWhzV0RQc21BS3BuRHRWTkh6RUZvRnliUURTVkxMaU9sVzN0QVNSVk9JQUbSAa4BQVVfeXFMTlp3bGhVVFAzQmhxQ05YYUFaX2dxNHptWnJhbS1iZUtLM0c3bEVRSjBnMXpRdzlXMUVIS3FnRHpBTW9oWFFoeER0eUFaajVzcjMwNWY5MWNNV3V5ZmRxeWJsSWZkSkgzQ0E0RV9mLWREYWl5R21tMzJiQmowdHI2NUhoR00zMV9pS2RZOXk3SkFTTElMODBnRWFxTjlmSGZ2a0g0eTdzaE9rdXZ3NmpB?oc=5,2026-06-19,IA
news,SONDA,3,technibus.com.br,Transporte público de Belém conta com app de monitoramento em tempo real - technibus.com.br,https://news.google.com/rss/articles/CBMirAFBVV95cUxOZ1JaWTZEbFlab252dGtmTjV3OEtkMTZVdDJ3RlVlSVVBT04zbGxwYUxxN2M3bjRUb2lmUVM5N201MWJ1c3BxRF8xSEpIT29qbmZlWnJGV2lLMDI1Zml3eE1LOHNtUUh1YzhyWVMwazhndjRQR0VjUVI0VTktcVN3djVDbDNybWFyc1pERVVTVkJjaTVXNnhhMGdBMVZYODBoOGR3YjJZTmk4TVEy?oc=5,2026-04-28,transporte público|app|monitoramento
news,SONDA,3,Correio Braziliense,A passagem da sonda Juice pela Terra muda a sua rota e prepara a viagem a Júpiter; cientistas da Agência Espacial Europeia explicam o motivo - Correio Braziliense,https://news.google.com/rss/articles/CBMilAJBVV95cUxQb0lRTzhKVUxTWWRBMWNHMnFOTkpjLUdwaWVBN09DbVBRQkVGenhiTFd2cDNhVVh3T19IWHB2YTFucUx1dURYbXFEeV84UUMySDZUT083TU1GclhZcnE5Y0V0cmFpNUpxV1ZWal9GTzJPQ3AyOUs4T0VFb1ZvOHB2cXpyVkc5U1R4bTJVMGdSWW5lRDJiWUFHQUlCZkY1X3dYb1BBYVlnbEpSdmYwcjN1NTAzc2lSVENUSXVmREFQek1TY0xQaUQ0RGotRWVmaVVHSTNNM0hwLXFiYktfcFVGYjRfamhOUk1LVFNPX1lqX0tJNXBTLU5ZMWQ1TTVDYXFnRmJMd0tCSlphMzlRVFV6WHVpRk0?oc=5,2026-10-05,IA
news,SONDA,3,Midiamax,Hospital da Capital terá de pagar R$ 15 mil por demora na troca de sonda de paciente - Midiamax,https://news.google.com/rss/articles/CBMipwFBVV95cUxQNWQyckxsLXV0aHRCVjAza29ianFucUd1T01HeVk0SDdtOF8zSm4ya29lNC0xeWI4cF91Tk1WdTllUl9ubVZrdkwwZ2NMMFRQQUZONFdGZVEzTk52NGRTM0p6bzhVc185dzZqZ0NkXzJ1UTdDLW1zUnliS2tzUVZhYUFaOGpCbW9JbEliMDY2ekpCb3JnT0pWcFRObUNkdnVwLW5wT2JPRQ?oc=5,2026-09-21,IA
news,SONDA,3,Pplware,NASA revela vídeo espetacular da passagem da sonda Psyche por Marte - Pplware,https://news.google.com/rss/articles/CBMiogFBVV95cUxNT2ZoTzRvc2dkdWwteXVELUpVSTRVUHhXRmRQbmpBbHhPdHo1TTJNcmRvREZPSW9qQjVQTThCNlJmN05GOHMtQjVldHB5cUFjNEMzYjJVS1NrSDYzamJ6eGFqS1hrbzRSaWMtenhCeDd4RGswT3dxSE5SVjhtR3RjVEVYZEJQOWQxZUpXdDk5b0MzWUZfUXBPT2RqUk8wSzZtZ2fSAacBQVVfeXFMTlRuZGk1MlZIVThHaUtIRkxLamc5dGoyUS1WVGc2bENJYm1hTDNwQk1DV2hzYkh0V0VEc0phWVBRTzJEUjZha2xhUmZpRDBkR1RENV9oekp6bXNRa1p0VFhlZ29pbUF0NExJS3VadHU5akNOUFhnUXFfaEthRHNaMjdkUHBibUsxb3JhZklhY2JuS3ljVVMzZFJEUHY4b2RUTklNM3hHY2M?oc=5,2026-07-20,BRT
news,SONDA,3,Correio do Povo,"Justiça manda Inter pagar R$ 33,9 milhões a Delcir Sonda e fixa prazo de três dias - Correio do Povo",https://news.google.com/rss/articles/CBMi1AFBVV95cUxPdFduTl9RSnZlX3Q5NWNCbC1GYTJlMUhwVnhsQ2tvLU1ZQjlHbkZVSUJqUS1pZ2Y2UE02REotS29zTkpQb0ZqTlE2MkVSUURQeTJtSWtXV1ozMmcxT21vbHZNWDV6dF9SdF9GdVhORE9kWFkxejdnNGZJMVo1N0l3ZmlXRkRfNDJLUDY5WnJmMVVfWmZjQ21wM0lWdWE4RDZZVTV1R3phb3Yxc3RHSHJLT09ZWnZ2eGg4Sm5PWno5TjB5bk5yQmp4YVBUZzAtVnI2RGJaeg?oc=5,2026-02-25,IA
news,SONDA,3,Aventuras na História,Sonda Juice usa a gravidade da Terra para mudar rota até Júpiter - Aventuras na História,https://news.google.com/rss/articles/CBMixwFBVV95cUxPWk9IRFp4SDFaTGdWTGJqU2pybWxBaHBaUENnNE16dXB6T29sVHVhd3BTalZWSVYxOVhlUUlDNnkxSUFVaHpHUzFTdVdpYTFNUWw0dXZvZFdXbFl0WVNsWVc3MllibzJuRjUzb3p2NDhjVVdlTmpqMVVfVVltdXVDRmlvdnVRTUFDZ0lTM1RERmJxLW0wSXBiTVVWTjZzcjBsczZEYkdPRDZMb05USFVuQjVSVlppT1pyNk8zcWRwRlFSZmhBd0RJ?oc=5,2026-09-29,IA
news,SONDA,3,Diario dos Trilhos -,Nova linha de ônibus começa a atender o Metrô Parada Inglesa - - Diario dos Trilhos -,https://news.google.com/rss/articles/CBMiowFBVV95cUxNbkhaT3laVXdhemRkSjZJVlRGNWRIRUE3R2VLUm9ZeU9mYlJmYkJxOUNoVHMxcjc3eHRyMm5rdzNLOUhLOEhFZG83NmN4Y2hYWVV1eUh3b3hKTnI0N2ZoMDZ2bjZudUx3ZGhxTTRNMFExME5RTWJITWZzbkNzQmhFZWhzYWtEb1ZuS0hsMjJOSWpUZEdGNG1EWHV1X3BWYnNxd1pR?oc=5,2026-08-15,ônibus|metrô|IA
news,SONDA,3,IT Forum,Sonda do Brasil anuncia R$ 190 mi em conectividade em 2026 - IT Forum - IT Forum,https://news.google.com/rss/articles/CBMickFVX3lxTE1HcW5GalMwSkVwalVZWlJ3ZW4zRktwNFRvWEU3a1BnSkxIWENvNGk3U1pBYUJVdG1MZlA3bUtENWxCRktJVnJBc0k0a21jQlNLNGIwRjRpcXVPT1JlTFp0ZzR4QUhyRnJzY3pRTUdYalZIUdIBd0FVX3lxTE9hZ1MzMVRaZkxKS3NNOTZPZEstTlhTZDA3VDBsQnpzUnh3bGpBdXhfSzdXQU00NjQ1dmtvVVliVFhzTm0zbzF4MUplN1BFQndEYUJFMG5va0NxLUtxdUVCS0x3ekFCR0ZYbm1kUnFNLUdsUGFzOFVn?oc=5,2025-11-10,IA
news,SONDA,3,TELETIME News,Sonda fará investimento de R$ 190 milhões em 2026 e mira infovias estaduais - TELETIME News,https://news.google.com/rss/articles/CBMiswFBVV95cUxOZmt4eEV0aFQzWGszczBnWGk2b2E0WktFQmprbFR5MWNGM3lGRGJsVVlZa3d3OUNYNDhXUlN0VjN6d08tZFA2VkxhQWRwQkVDZi1oSE91MHU0eUFRVDFWdVVtaXVyeXVaNE9qRkZXTmZOV1h6NGhDYzdCdFAzNGtBZU8tSjdfNU5vTnM2Z0oyZkE0NF9xZm9YOUxkcUVKOFRVRkxpclU1aEl3d00teHlmcWRLcw?oc=5,2025-11-05,IA
news,Transdata,3,Portal do Município de Piracicaba,Prefeitura disponibiliza novas tecnologias para recarga e compra de créditos para o transporte público coletivo - Portal do Município de Piracicaba,https://news.google.com/rss/articles/CBMi5AFBVV95cUxQaXRMNUU3X0hyV0YyNnFsb1RWbHpUb2ZSdjVCaGJ0dlI0ZnRnVXRTT0thNTZocmo3djdpMHoyYTBDQTVqNUJ2bFBaRFM5QXdkWXpTU29tLUF5QnZqaTdnNndtRXMtY3czVnhza1I5aUxNaDhXSkx6NDZWUlZFZDROLVY4RHFyM3RLdXhQS3pETFB5eS11MmpFeUg2VGxaNVlvYzVvU09WdVAyRzM2SWczQ2RtRjU0akhPeDFuUVZ1WGZ4aGVMMnNuOUE2X2FNWnNTSmdrYVgwS2h6RU51b2pnTTUwaWg?oc=5,2026-02-11,transporte público|IA
news,Transdata,3,Diário do Transporte,Transdata lança Pix por Aproximação e aposta em embarque mais ágil no transporte coletivo - Diário do Transporte,https://news.google.com/rss/articles/CBMi0AFBVV95cUxPejB3RmZSZDEwTVRKRXEwMFdDRzBzNVhueHdqbWVDMnI0X29OV0JLc3RDS1VKZlNqcWFMSlRFQ2oxMmhGbnJ1U3M4ODRYYkptdTNyMFVRQWp1QU0xTFdpdWtJT3ZpRmE2bzAtQzZoRWFPODh5Q0xFaTV6TktzUl9rWlhJVXpBQ1lKN1RWaHFHMGU2RmZ1VWItaU0ySy12anNUbXFsYnhNeGNMYmctd0dIUVpUQThub0hmWVZMaHBEeVMtbzdGU2MxRUZQN25tR2JO0gHWAUFVX3lxTFBjOVh0cmpXY2lueTZIU3BFbDhCZXkxU3QwY2JxTkM3eDJndFRCZWR0dFhHS0VDUVlUazVmRllBZWRDUmxsUU5acnRXcGZVZTJzMTFVUFlIbEp2Tm41WGc3TS1md0MwZlNYUnpibmV3RW42YW9JM1QwQ0dKbGlzeFNreFRQV1NoZThsMTlvaE9UdURhcXFJVUg5OHdlZkFIWW9TLUhfYTlKZjMzZkhpMExIbTFnSFhmTm81emRqOTlvVTdJdktSZ1o3MXJwaW9GZkI4WXFuZlE?oc=5,2026-05-22,PIX
news,Transdata,3,Portal do Município de Piracicaba,Prefeitura traz tecnologia que reduz o valor da passagem e facilita a vida de quem usa ônibus - Portal do Município de Piracicaba,https://news.google.com/rss/articles/CBMizAFBVV95cUxPN1hLbGl3TXJRVGpvOTFGRlRWcDV1Z2pWd2tGNWl6NnJBX0c2U2dCMnlmT1hKbE4xUi1kbnhiSTYwcERfczgwaVBwMzJra3prT2thdF94NXJCU0luaE8zaS05em1scFZDRmxOSV9fQTdnb0VYZl96TEt5UThXU29rcGYwQWtETkFPMDJiMDFGVGVHOU5fOTN5aEFPeWw1ekpWWWdyOENQSlhRSGlPMW5wblo2S0ZXbjBvQmNlSkRIMUZ3WEZyVnpUX0JOY0Q?oc=5,2026-04-01,ônibus|IA
news,Transdata,3,technibus.com.br,Transdata lança PIX por Aproximação - technibus.com.br,https://news.google.com/rss/articles/CBMie0FVX3lxTFBETjRtYkdkMXB3VHRkU2JfaHAzMndTN2Z3NnQ5WmpyUXVTbWtPVnlhSTBwVk1kalBTWU1raFMyYmw2YWhZWXVEd3dxOVFpS2o5SHNwaExsMFltZkRPV3ZXaE03R2dyY3lScktVSllWTFg4UlpXU3VKbGREUQ?oc=5,2026-05-22,PIX
news,Transdata,3,Jornal A Plateia,» Fim do Cartão Verde: Sistema de Pagamento de Ônibus de Livramento Muda Definitivamente em 2026 - Jornal A Plateia,https://news.google.com/rss/articles/CBMiygFBVV95cUxQSk9LRGk1eldsa2c3VS0zMDVmUGZmdXJIQVJHTENoOW55ckt5TlJ4c25pZ2R0MjRQR0VKeVRQU1haaUdQTV9ONHd3RzJidjl4M0p0WllIazVmMnNNWTE4aXZjNjBIOWFkQ1BzUjJ6WFd5ZHJYVS1sc1cyTG1TYTdCZkw0OEFzSE0weDRQUHJQTjh3X0pLWWw5aERWQVhaSm9jWUJGaW42SUFDWmtnVGs4QUk5eDhDQ19ZaEJXUFBCMy1OQ3lsdWVlN3R3?oc=5,2025-12-29,ônibus|IA
news,Transdata,3,Diário do Transporte,Transdata é destaque nacional com prêmio de Maior Número de Operações EMV na Maiores & Melhores do Transporte - Diário do Transporte,https://news.google.com/rss/articles/CBMi6AFBVV95cUxNWlJqUDRpX0tlakJzRkd6Wm5IcmV3VU9aMlFoQ01hd3Fud0YwZnBVVDdWVHVzNHpFYlQ2YjFhZnZ3bkpoRUVNZWdVVThEbzhuLTVFTHNTOU52bHpsVkhqWTZ1UWx4UlVCU1phVzE4bHlUY0pQbGtmR1E4bEc4N3J6MHhJSjU5YmRQd1B4TnV1VUR2WTJ5cHlKemJ3b0F5c3pRXzUyNHN5OFlIR0JpVmtOdm1IQVItdnduVUFtNHgxQWdpOGotc19tbGk0U3pBLVNkc0U3cnFsRmFycmdhdk9ZZ2dHNXRNVEVC0gHuAUFVX3lxTE1vbkhSdVp4c3IxZTN1QkJlRzN4T1VYZHA0ZUZwdnY4aGsxck5DR05kaWMwNHFDU3pTUHAyVUt6XzFtTlRRLUxjYVl3VDlOMDdlWVBsNHZPM2tqdjgtTGs1bXpxTktEWDctU1p6RldJSVZjN1o4UUJPQkxCakg0MHRyeVdCUThJRDBSVGczdHM5ZHp3VFJlYWh0THZUUHM3OTdDX2Ewb2pFZkVSMUl2cmVkRXRWRVFZYXBoTzJGNnVha3VYYVBEeVFhOG41QWljTVJMdjJVT09iUE16VWVIa3o0OU5vRjFzX0xtamVwaFE?oc=5,2025-11-28,IA
news,Transdata,3,Diário do Transporte,PIX conquista espaço nos ônibus de Itajaí e já responde por mais de 21% dos pagamentos a bordo - Diário do Transporte,https://news.google.com/rss/articles/CBMi1gFBVV95cUxQTkl2NnE4UWR4WGptLVZqUEx3OFhqTUNNMGh1QzhaSkJMYVNtaDlaam0zcTdLWHQ2ZU1nWHR1QjdVSVhEOU90eTZXcU5rOGM2SUVHT091RW9JaVI3d255eHJxRU80Mi1nQVhibUJuMUF3dkhjcnJ0dFI5VC03aUk0QXg4WHIzeU41TXlLYmt0UjZwRHNtWXNsSHFQYW1Kb0ttM0hMbmU0WE5YRl82ZFBjdnpxZGpBaFhSRWFVa3dLdGw4YmlkcHcxYk1ZaXE5RXgyWUF6Smt30gHbAUFVX3lxTE4yaXRxdU5Ra3BuLWhrZ1FQSXh1dVhXUW4xQzJHZ0d3WDJBcElibjBuLVE5WXVMa1poWUFQQlJLRk1HX1lnZFIwaEZjT1VoV3FxVkJYcjB1dVhWcGNsWU5JMmYtTUpORXJtdzh4Y0dFSTVzX0xIWmNFbWQxUnJhSnhRbnlQUmNYSlphbm1QVFk4elg3MHNQMWduOVRWM0tHbWxtUnY0SEJKaFpKSGxVVl9lMnZRTzE4UVAyYkZsam13YTQ2Q0xoclN0aFNuR05ic09UWWlCa3FBcXh6NA?oc=5,2026-08-27,ônibus|PIX
news,ABtec Mobilidade,2,technibus.com.br,Abtec marca presença na Lat.Bus 2026 e inaugura glossário técnico para o setor - technibus.com.br,https://news.google.com/rss/articles/CBMitAFBVV95cUxPTG5fNEcxYVRQa0t3OFpjcVRPbEZKUzJ6UEpKSTBFN3hPY1FlaWlDdEhJQUMyb2tHenZkcVg4QUhJenFTRlM0T3o4ZUFibUhzeVlnVEotNDRxSFlHYldBY2lYN0NEME00cGs1Z1E1QjY2cUVvUHBzWkUtZy1SMmJVUzlpV09BeGFxRTNncUFhSWRFekgwb3hxWnVmYW5aSl95dVNic00ta1Qza0Nodm92ODN4dF8?oc=5,2026-08-26,
news,Bus2,2,Prefeitura de Belo Horizonte,Foliões passam a contar com ferramenta digital com orientações para chegar de ônibus aos desfiles dos blocos - Prefeitura de Belo Horizonte,https://news.google.com/rss/articles/CBMiwwFBVV95cUxQR1NpNFdPVzA1QUxBS0p2VU42WDNNSGlZWW11dV9vd0pUczgtM0RCMUttRnV6bkw5R05kUVN2a1VnWGtRdXc3cTJ6ZVFRVEFQYldtM1JXQ1NFUEFDRnZpcW9QSXh6M3N2aHlady1RM016YXByTEtFbWdoMzdnbnVpOVplUG1tZ2xGeExuM29LbTFvWjhPdkg5RnZtMDd5V0dpVFFLcFpzTk8xbnFDTkM4TVY3VlBFUlBySmlWakE4MndBTzQ?oc=5,2026-02-12,ônibus
news,Bus2,2,technibus.com.br,Novas Tecnologias a Serviço da Experiencia do Cliente Oficina de Tecnologia da Lat.Bus 2026 - technibus.com.br,https://news.google.com/rss/articles/CBMixgFBVV95cUxOVlR1a2hfS3p4SWNvdlRERmpzaHdvM2RtSk9JcmxLUTFpZHJKZ19qdmw0VkRHeUllRUpvOWZsYlI4TkpPRWppdms0MnFaemFQVUJ0ZmgtSDhQMkdDSWd6M3VZTFVuMmRzNjEzMnJSNlI0Ni1VQ1dKRUp2TEM5UTV6aElUNW5rSktEamlodk96blAxdnpWZUdxSncwOVNwTzdIUHBENVBzU1dIMVZDT2FkZU5MZzJFcmdDUzRSRjMwZW8xMFlFcGc?oc=5,2026-09-28,IA
news,Bus2,2,technibus.com.br,Inteligência artificial no transporte: quando a inovação vai chegar ao passageiro? - technibus.com.br,https://news.google.com/rss/articles/CBMitwFBVV95cUxOTTl6LUZmVjRtMDNraUY5VlMyczZIQm00MDNHZE50QmE4V25wWklNQUxWV2NYU3JaMzh2NUt3d2doMWk5bWZILWtweVR5NUxGQVRnbkJWQ3VCWWdkM09Qc29XLXVqTGUxS2RYSDJhMGo0QldaS2VwcjJZRlFVOGkzZmMyNEpUZUdrTFB5dkU4Q1gyUEhuYnVCOWxuX1R3YlB1ZER2blV1YTVsczVqaThwNWJuZ2tTLUE?oc=5,2026-07-03,inteligência artificial|IA
news,Cittati,2,technibus.com.br,A caminho da revolução digital no transporte público - technibus.com.br,https://news.google.com/rss/articles/CBMikgFBVV95cUxQN3hXQVFKV0FQb25RdWdSZ002YUEtb0dvUkdEM2pTZVVuVEpuNDJxX1h3cGo0TnA3bmhCZTJyV2dHdS1sS1gzX3NLcWZYVDVQLVNoUW1ia0g2akNRTTBmVzVhQTY2V2ZBTlFwQ085elZPem91dDAycWRwbmQ1RkNfYzQ4VHp0cXJoRjZuSno0alBWdw?oc=5,2026-06-05,transporte público|IA
news,Cittati,2,Diário do Transporte,"Gestão Nunes autoriza repasse de R$ 37,3 milhões para novo sistema de monitoramento e gestão de ônibus em São Paulo (SMGO) - Diário do Transporte",https://news.google.com/rss/articles/CBMi9wFBVV95cUxPNkZoQzBLOHFid2JZaGxiZ0JubWw2WU1JeFRrbEhYVjZfT1JRcUNCa0F5aGxOS2ZKOEFCNlp0d1lyYmU4Ml9pVE02ZE5VMXFIdmNnVkk5SUNCWjlMNkhhVU1nSGhjNHFvS253Wl9uS1JRY2Fsc21TWW1sUktNNE9EaFVlSVhyX3NYaHRjczh6TlhBaGh0OTBUUE0xMGthX0RyM25BeHNvNHpINEQ5djRZQUFESENjV0o3ajNwaHhmenR0bzZwZDM5bWp4bG9WN2ZQQTNfNVJIeUxRSVZOUlBJU05XY1BtTWVjNGM3ajNNU2dtbzVFSDRZ0gH8AUFVX3lxTE85NHh5RU9wY2V3YWViX2Y1Y25UX29HWkN0cmFsMW1rVnFDcVQ3QzN5eEZMdi1oOHZYbFYzdGpITWstcThIcy1Bd293RDQyd014eHduM2N6N05uOURSLUY0SUJ3VnA5M3EzSkpYczZ6UTgxeXhqWjVZNzVFUlVqSXZjSE9VNVJLS2w3SkJqLXJyZFMwSlhoU3gwSEVoaWJ4aGRwaXNJaHBSM3ZkQ2U2U2NsVDVrXzF6Y2R6bGRSUjN4REFIUkgxenlEb3Nna3JpUXlzRzVPTEJQYTZYTVQzNWxYYV9JRlZVM2xpanJ4TXN4NmZ1N3JMWjB2Y3lueg?oc=5,2026-03-17,ônibus|monitoramento
news,Cittati,2,Prefeitura Municipal De São José,Nova plataforma digital facilita uso do transporte coletivo na Grande Florianópolis - Prefeitura Municipal De São José,https://news.google.com/rss/articles/CBMiuAFBVV95cUxQQklJYnBBd19GVFJ6ZndqVnhqMjgzMVBZcmt4OGczdUcwN0JjYUVERXJ0Z2FZMmh5SlpCSFZRUzJHQ20yaExYM0NyNEhvOThhdHhoaUtjNXlVMHpCM2NWWlVKdGZpUGdVMTVKR1Q5U285M2oxVTJTWWRZTjZnellWamhuNEMyVkJuOXZJYzBTTDBrcWxqU0Q0cXVZTE1LcHVrcGNmRVRTWW9FTE9wUHY0dV9BbTBtZ2Ew?oc=5,2026-09-08,IA
news,Cittati,2,jornaltribuna.com.br,Pesquisa inédita avalia cenário do transporte público no Brasil - jornaltribuna.com.br,https://news.google.com/rss/articles/CBMipwFBVV95cUxNOXB5S05McTRiY2NSMmpmQl9VdWlBYmFpb1phTVVTOGVibC1iTW5LbHFLb3hLTnFJNjRLczdPV3RiLUdUeldmdU5FdHV0WUVBanVZVWZDLThIVWZmSnZvRktodUtfazVpRXlrT0hMZTZ3eDd0aExGUU1fREhHbHE0SHZnVkhjY1I3SFFQYzBXelptV3hjOFdzTG5UUExVVnhocVVRLTJmSQ?oc=5,2026-08-12,transporte público|IA
news,Cittati,2,FaxAju,SETOR DE TRANSPORTE CONTA COM APLICATIVO PARA AUXILIAR O DESLOCAMENTO DE PESSOAS COM DEFICIÊNCIA VISUAL - FaxAju,https://news.google.com/rss/articles/CBMiygFBVV95cUxOcWdtdnFRcGp3ZDh3ZFdHR003ZmZaQi1DYjAwaE9zM2szVmozd2wxVjZxQkFPeXZwVVI2SW9ULUU0MmJ6MGNLTHZIMnpKc2hOSzd3Qi1KWDJsRENlWTllNDdnSXdWeHhoLUJFaW1Hc0kyaGdrMU01TXFFMFdIX1R3YUpJNnVBMDRhdzhJR1RJNWNHTGoxLXpxc3MtTTlGVHdCd2FBMTA0X0otM09ETERBQ3FrT25vMVlJM3c4SDRMa3F5WFFRaDFWY1Bn?oc=5,2026-05-26,IA|aplicativo
news,Cittati,2,technibus.com.br,Linha especial ligará Congonhas à Lat.Bus 2026 com integração ao metrô e acesso digital - technibus.com.br,https://news.google.com/rss/articles/CBMiwAFBVV95cUxQSjZvaF9udlhuMUhDN1gzalk2bV9FWjhzLWluVmhYZ2Y2SmlXYlhJR3FkN2VMUXgzUHFkbHNjU0tseGl2Ui1TOVZaRDVqQ1ZqM0ROcVQwNUk2SjVuMFd6VjJJZ0hkLVZKODQwNS04dDRtU211NkN2OHVyUjhZdmFDMUFBZ0ZkdDdqR1o5OXdRT0g2dzkxTFoxMy1oanl5VXVQeHY4MUZSY05FdmhUV29CZmF0LWlPZFZpTTR0YlFDOHk?oc=5,2026-07-29,metrô|IA
news,Cittati,2,Mecânica Online,Linha especial e gratuita conectará Congonhas e metrô à Lat.Bus 2026 - Mecânica Online,https://news.google.com/rss/articles/CBMiqwFBVV95cUxNLWM1ZTljN3pHNGZNS2Y0N3l2UDFWRUp2WlUxUG5YYmhuUjdPazRPUzJKOGd5RHhpaWcxNlp3Rml5VEJ2aEVEZk5Nbm0tMWx4MlVVRkVfMmpNRXp6V1BBSGZraHJVLXBYdGp6Sk53UkVTR0s4dUUwb3Nsc2FScHRYcnk3LXloOEJDaVFlcjRkNVVyejdxc2FWazdQcW5yblFDdTFUcTRQeDctRjQ?oc=5,2026-08-04,metrô|IA
news,Cittati,2,Crusoé,"Esqueça o dinheiro: por ordem do governo, ônibus passam a aceitar nova forma de pagamento - Crusoé",https://news.google.com/rss/articles/CBMixwFBVV95cUxQMFNJeXdhXzV2MUl6RFRSSTMyYldKcDFpV3p6ZmhfWjhvTkxrbnNUdFlxNVB5ZGdMM01KRlJFWWp1dVRlcXh0WUxySm9DZWV1X0ZvSWNkOTlOcUNJRkh0ZEc5RTBiQVVSRTNwbW9NM0VUeW91SlB0ZlNIZ1Fxcmp3VjlIN3VrdUlsWXpscUU1ZHg5UlFDYXFLZVNGeURObmQxVWFnR2Y5c3VheHdUXzlfb2JUMjRhb2JCRmUtLUtpTTk3d1lwRE9N?oc=5,2026-01-15,ônibus
news,Cittati,2,FaxAju,Mais Aracaju e Cittamobi trazem maior segurança à rotina das mulheres - FaxAju,https://news.google.com/rss/articles/CBMirAFBVV95cUxQX2RNNzhnZVZZOGt6eEhfTTBVUktPRVRmM3dFdGZULUw3cjUzU2FSYlJPUzhINTVIbnpVLWVXWTV4ekpxYkctZ2xEZUpKNkhLVXVYX01zbXo0WjhTREh1YTdBTEJhWk5nQ2tTbnlMTFc4UUJKQmdzWTNlRDA3T25xNGQ3VlpNRUdxcE1HSzlCcmdxVXB2cTQtSVlsN1gtZV9oRk5zbHVRcTJiWGtl?oc=5,2026-05-27,
news,Cittati,2,G1,Veja como baixar e o que muda com o novo aplicativo de transporte coletivo de Uberlândia - G1,https://news.google.com/rss/articles/CBMi6wFBVV95cUxPU3BZaENNeGdtanZVbXFualBiVnFwUWpiZEh6aWpNZVpEMUxxQ2dybDJKUUkzLS1FaUpxTjhDbldwcW5ETlR1RWZjOHJLcV94cDJ1RHRYWmkwaDh2TnhlcVExNGdUaXFFcndiZ1NqUkhCWE1NRVQxMXozdmg5bF9PYUxZSFp4Q0ZxaFR1M3JKT0xhYktCdktsbzVvcmhyMDhCc0lpcEFHZndzNG9KRUN5QUt3b25VVXpYOUVzRk5vNXpIc3NESEJ1eWl6MHhTZFZiNTZmYjhZcUF5OXFZcGxaYUJINTVMUjV6ZFV30gH6AUFVX3lxTE1UZnBhSVcwbl9lNFhnOFUwMkJVdExLQkxiR2VlUUxSbUx2SUx4b0dlNmp6SEotNkJUcDc1aVNQVVFYM3hvNmxiRnlCTEE5VzZKOGVkX3ZNRGhuZ0NBcHpjeDRUUzhLem1hT3l0aGd2N3pFR0hTaEpnX25tYVNhNUVacUFZcVRKUFZxTW9oSElUb2V4TW1pWEl0RTl1aUNfclVvTHE4eXNtRUFNcWFFTmF1QVNHZ0FkZFJ5SDN1ckMzVE9mak1kSVlTc0w0WDFwcVJVYmlZbnhnZTF2dzUtMGx4a05jWmhlT24wWEhBSHNaTEN1bXJLbUowY0E?oc=5,2026-10-02,IA|aplicativo
news,Cittati,2,Acontece Botucatu,Botucatu libera aplicativo para acompanhar ônibus do transporte coletivo em tempo real - Acontece Botucatu,https://news.google.com/rss/articles/CBMixAFBVV95cUxQcm9yWXVfenNUcHZjc3owNkduTDZtU1FkUEFzWnNpSkFhbFQ3OGtJdFVmZDBrNjdFTEx4cEFCY0l3MklXbXgwUmdlWGZpTDhhWlVyVXhwaHludGlEakRfclFQckltS1gzZlF3WmlnNlZER3hiRTNjOGlTMFVHLW9Hem9kX09TUU1uWjNBM3FWVTRrcHRSM1dOa0hWdmJuT0ljT2Rub1czMEVfa1RkVWRqVkwxdW52cmd3MF9veFVsWHBGVHF6?oc=5,2026-09-30,ônibus|aplicativo
news,Cittati,2,GuarulhosWeb,Lucas anuncia como novidade aplicativo de transporte que já existe em Guarulhos há quase dez anos - GuarulhosWeb,https://news.google.com/rss/articles/CBMixAFBVV95cUxPNHgxaFhOYUFtNDRtTDRsLXhlZHRMWmtocU14TlliUloxUUJBdDVTelM0UzlIeDF6MW5rWUxpdnRZblNUVG14blAyTG95MEJteUV4eEFhNVdFUmszclNhbjdvVWlmNG5nYjNxQlNabDg5YWMyNmY2dWNuRVMtS2JYTkk2Rm9USG51X3d2MHdsM1l4cklZSUZIbnVpa3NRLXJCYWxxanNnaldsc1VqN25MQlk3ODVrUEdxZjlRUXU4bnd5S0th?oc=5,2026-08-12,IA|aplicativo
news,Cittati,2,VEJA SÃO PAULO,Ônibus de São Paulo adotam pagamento por bluetooth; saiba como funciona - VEJA SÃO PAULO,https://news.google.com/rss/articles/CBMiqwFBVV95cUxQckhUaV9hcUpQb1lWOVcyVEFVaXBzNmowVGd0TGF4cmI1aWRhSExKamctRXZHRWo3T3J2NGJhbS1raUNhLWxES08ySjM5eTdYYkprc2RRRE5XQl85Y29vWDR5cjNhWDFCVWhzRHQxcHB1MzdRc3dkSEpid3NIMFZiWFRPMnJqdl9tTENiSU1EU2p4amIxaTU2ZHpiTml3cnJnN0ZvNDA1MV9KUGM?oc=5,2026-01-14,ônibus
news,Cittati,2,Jornal de Brasília,Passageiros de ônibus em SP pagam tarifa via Bluetooth no celular - Jornal de Brasília,https://news.google.com/rss/articles/CBMitAFBVV95cUxON1hocjBMa2xVbG1vbm5HYVVTUmUtWXhmMTZpRnBSckhHU2JCY3c2alFHNjJZLTUwV014MXlXeHJfUG42ZEswbUJCM3ZxSkliYXZTTkpRMkE2TWx2MnBYclpGX0FuYnR6UDlHR05DWEw4NGxvbkVtTlNPRUV5czFMM0pCSVIwTVQtREtqMmdCVlVtc0w3cEpSVW1xcXRvaTBJXy1JRmY1RGc2SlZUT1dtRUQwT0U?oc=5,2026-01-14,ônibus|IA
news,Cittati,2,Prefeitura Municipal de Vitória da Conquista - PMVC,"Transporte coletivo terá ajustes em linhas que atendem a Uesb a partir de segunda-feira, 2 - Prefeitura Municipal de Vitória da Conquista - PMVC",https://news.google.com/rss/articles/CBMiuAFBVV95cUxNbXBJTGZyZVR0VzNVVEoxMXFGLUFtYUhFaW8xUFRpWFlPVWxsVUk4SC1jYXo5VFRNOGtFT19KZXFuMkRzNzlMRE1Bei1KNEJmR2hMem9iWjVnakVrTmxfdVpkRnNuQlV2cHJmZE5VUl9GUGJld2RJdHM0Ny1lTWxRZ2plUE94Ukt3N2hMdG5WUG5PNklPaTJWdjZwTXpLX3I5aHRuaHdqNmFiTHdkVkZoVWVpbWVaNGg1?oc=5,2026-01-31,IA
news,Empresa 1,2,Portal do Trânsito,Dia Mundial do Transporte Sustentável: 5 curiosidades sobre o ônibus no Brasil que você provavelmente não sabia - Portal do Trânsito,https://news.google.com/rss/articles/CBMijAJBVV95cUxNV3J0c3EzcnZweTU3cUlGYlNZdktWTVVfRGdPSlF0SDgzTzNtSTl3M0sxSXUwcXplYVBjUS00cGEwVVJ4Nk0wUkhCdldkVUNHVXhFdDMyT0FidWxYbWtuRDI4WEtoU3NGd1Rpa0FZcTEwNGV4WXgzQWtVVjJtT2w5M3ZWTXFBN3J1RFdVUlpwaDRfSjlYR0N2ZFA2dURWc09LOWhtbkJyWmtKMmhJZGxveXBxSWJnZmU4UTdscjZVTEE3Q3ZsZThiaVhsanJHbEVBSEJzSHlOMnFFZ25QTjNKcGhfclZrZGtvT0txUzk1Sk1PdGtFcHFHbzlqOWRnR1BWcnV5RjhHLXVzM0RC0gGSAkFVX3lxTE5zWThsX0o0bG90NGdwNGtIMzE0MWs3Ri1wS2xLZGtySW1fbGtFN2dPT25HdGllRGRYTnpxNWtwUmVCMXJFRkxZMUN5dXpBOXBxSExWVDNPMWVYNWVqVWRNMEZUYUlrcUJ3R0hkVlFzNFIyQjdNOHBfa1lsdXZLbzJFNEFrVHk2eTNQOWxfazJtY2dxcWpRYWQzelBGNkpvcmN3NU5WTm84bTZNWjlqQ00wY0Q4Ullva01SY0FDakhLcmhFLVRzbVZBNzhfNTlqYlFlcWcxOFp4MnVvU1lYR2huMWFnVFRMNnRoY05SWTZKWURfOWEtbDNQTTU5WmxSZkM1TmxCU0FBdzhSdnZZRkZWMHc?oc=5,2025-11-26,ônibus|IA
news,Empresa 1,2,technibus.com.br,WhatsApp vira canal de recarga para usuários de transporte público - technibus.com.br,https://news.google.com/rss/articles/CBMipAFBVV95cUxORVM5eWFPRW0tdVhWck5JUTBOMVdRN2RDeTByb3JtalNaX0Y2VkdQUmhwYmptTzdJU2ZrYmJGdkRqcnh2OU5JVjBnN19nanZkSUVpNXBPdzRDM2d4c1R6a0JVYXVwdjZxbkVxcTU2MDQtRE5oMW1XUlFoX2I0ZHVDSzdrckRYSF9YaGdINzFJLWhQZlhJd1F2bGktcktKR1FrTXI5Ug?oc=5,2026-06-05,transporte público|app
news,Empresa 1,2,GRU Diário,Aplicativo do transporte público de Guarulhos passa a oferecer recadastro digital de benefícios - GRU Diário,https://news.google.com/rss/articles/CBMivgFBVV95cUxNMUFJMVFWb21kS01MZ0FXOC1aY242cEVIdklIVVJGUHNJN3pUQ3JRSW1VYkVEQm1uZ1IyWmd3M2VRNUZfR0Y4ZUV3ZFJuWW1oN0tQR1k0bDlLQ3VZWDB1RTFqMXZwWE5kaUJlQXFncUdSWnkyemhIWUVMc1Z0ZkpqaHVFc29pdE1WcC1sVG1PX3RZa09UOHo1QmJZczNGVjNQb2o1MkhSc1BqUTlVVTUydXNualdaMUVITjlfNkFn?oc=5,2026-06-09,transporte público|aplicativo
news,Empresa 1,2,Valor Econômico,Meta Incorporadora nasceu de uma meta de fazer o aluguel pagar os custos da empresa - Valor Econômico,https://news.google.com/rss/articles/CBMi7gFBVV95cUxPcnRHaWptZ25DMkdBVDc2cnE2OEhrNWhBdW41MzAzX1BvWFhuOGgyQ08ydzdtNEdsY0o1YW5KWF9WVEs0d0U1a1JCOGxhbDVZNGVXcWhNOWRMWVJYOVFMVUlDWWl6TFROcDBzS2xsTjRrRGhnUWltajItSnUwdDg1dWN2VWNMUUgwVVMzVjBmT1pmVHJzQ3lmNE92X2p3dXR3M0VHeEtfXzhPYUktQ2RFQ3habTN3a2tIcEx4Wkw3WlVnSWdhM3ExNk5aQW5oOGVjLW1CY3M4WU55Rm50R3lQZ2hwWVg5cGQ1VHluUXhR0gH8AUFVX3lxTE00NXZHUzZSRjAwWXBfMUxQNjVTeFN0TGMwYUxCZTducE1KenFxLVJvMlYwYjlQYjhFcFlFT0kwMTlpVEswLUM2V0o4ajdIVGQ3QlVIcUk3U3ZvUzhRSm5VWFM1TUVZUFZwRWhMSXNlOGRLT0loTDBiU3MtUDNzajBNcDhCRjdfaWtoTWN1Qk55TE4yOHNrbTZycXZCQVhiaWdnZHRoR3haSkFTRVM2WWZ1cUctRlVFQnFLczJKUFEzRmhOcUpmNXZlblN1cUtsLXl0R1U4Q19pNGs2ZWozVjRaaHBULTVIN1ktQUpua1F5dlVCaHlVREs4Y2wzMQ?oc=5,2026-09-29,ITS|IA
news,Empresa 1,2,technibus.com.br,Florianópolis investe em tecnologia para aprimorar o transporte coletivo - technibus.com.br,https://news.google.com/rss/articles/CBMirAFBVV95cUxOUEVPRmFXcEZnbXhBYjFkWVNabzJkRDlUN2NvcEU3Vnhmbi1kVFRKUlVvajZmc3EzZHE4TUQzbTZ3ZGdxTklwMkFGekN5QzZIZmJfLU1oQXVzYWJaZjF4RFdJOHNsS010NFlpM05rU3pOODMtMEZKbmR2WXFQc21sRVNsZERrdUwtbFZ2enRiM0dua0JQRVVNY1M4QlMyZTJWSWMyOWIzcmVaaTU3?oc=5,2026-01-06,IA
news,Empresa 1,2,Frota&Cia,HMMS destaca sistemas inteligentes de transporte na LAT.BUS 2026 - Frota&Cia,https://news.google.com/rss/articles/CBMif0FVX3lxTFBOSnNXaGRDMzZGSUFNQnpQazE5Nk9acHNMMmpfNndyYVlnOVJyMTQ2dUwxczZFbkN6bjQ4XzdTVldFOHhuQTZQcWlrZGUxR0hraTQ4Ulk5R2dfSmZpb29VUTF1M0ozQWVGd18tQ0ZMTW9iNGhNdG1ndkMtal85RjQ?oc=5,2026-08-10,IA|frota
news,Empresa 1,2,Mobilidade Sampa,Digitalização no ônibus facilita serviços e recargas - Mobilidade Sampa,https://news.google.com/rss/articles/CBMilwFBVV95cUxQTm5HbUhGOXRkQ1oyM3hTWk9DdHFUQmxZRnFYZ0F6ZDF3QlY5TFJUdk5WLWNEbjdHbV9uRjFCU1VQS3dienJwZGVCMnptLUliQzV1SlFaTjZFM0hrQWpKbW8xbGl5VE9HcXFUSWhNdktha1BycHNQQWpMV18zcHVFZ0xLTXgyX0FBSUJrUnhCNnlnajdJbVJn?oc=5,2026-09-01,ônibus
news,ONBOARD,2,www.motogp.com,OnBoard: A primeira pole de Raúl Fernández - www.motogp.com,https://news.google.com/rss/articles/CBMimAFBVV95cUxQdmlnUUlFSXl3VW15OVJIM2Y0NGhvSEhWQUNLTG1ITTZ1SVBVbkNJazBtanBqYm9HWkRKR2ZJY203cUtETGkwUzdRNWxSNTJQRGhNZXpLQUZpeGQ1SnRhZENJS0I5ZFNmY0ZTUXFGNTFWWE91X1VkcU85a0JRdzc1bkR1dVRNdmJGZ21GN2tnSFFSQTFHUVVueA?oc=5,2026-10-10,
news,ONBOARD,2,www.motogp.com,OnBoard: The maiden pole of Raul Fernandez - www.motogp.com,https://news.google.com/rss/articles/CBMiowFBVV95cUxQck43SXBORHppRWhYeFo3ZS1aVnRGcndJSnpjM1NOenpWR3FaZTNPdkg4WVJNTEt6S202OHFSVkFOeDg3cXFhV2FvV05pZ1k4MjFfUURhNVNLVmliR1JuVzZkX2IxTDBQS2t0UnlsbGpPaUhQeWphU2tNZUpWQW5UZTRsVHRDb2JoXzVxZW1HclRpX0pwNzNpaEl5VTFTN3hyUVZj?oc=5,2026-10-10,
news,ONBOARD,2,Jornal da Capital,A Voz do Churrasco participa do Azul Onboard em Porto Alegre - Jornal da Capital,https://news.google.com/rss/articles/CBMirwFBVV95cUxNWU93SUgtSk1HX0Ytc1BvTFJ6M2pBM2JIVVpsT3JXVTVQRUhvQW1uUjFuUUV3SUllSU4yVm1aWmVITDA3SkwzZTIxXzJQUDJPQWhodGc4ZnlrSDZJN2ZjZmR1NGVPeDZvZ2hHQzRhemRkd2s0RHdsdnVUNG40dHFqamtzQkN5bmJUaW5CTEFiZFlVdFNPZmR0bnNHNlN6cWpaX3BxbVp3ZTNWRU1PbVBZ?oc=5,2026-09-30,
news,ONBOARD,2,Diário do Transporte,"Quatro anos depois, Apucarana (PR) mostra o que muda quando a bilhetagem nasce digital - Diário do Transporte",https://news.google.com/rss/articles/CBMiyAFBVV95cUxOaW5ubHpBQ0ZQc1BFV1lFOTZzZVpndlNrWXFxWWtKXy1lWnJ5RTNVYnhOeE5kX19ibjJjOEdRejU1Y3BlUGJPY1ZFUGxlbEZsZTFnVGNLbUk4SFhMNUZQVktnQ3EtRWw1WVJOenpfTHFkQXduRTRmbFpydWxOeHdubkdVcUtpRGpqMWh4VFhyS3ItOW5rakdtelA0cENTX2FuMmhtMTF2NnA3bFRwUDUyVVAzbzFsbS1ITVpGVk5RZDBRMzJrZVpOMNIBzgFBVV95cUxNRTJtNUtwRlp1dU9IRC0tYkgzNjZ1T1FEcEVuMTVLbDl4S2w1bi1DNGN3ZE81LTZ5QVJIcjBlWTRrV2FkLWhSVTVEXzJWU2dlbTllY0M1c0g2QjBUU1pUc3VGdnlETnhyRGdjX19BUWQ5N3JmU1R3VFdUb0FSRGNxMExtX0UxSTJUcTJtV0JHTWI3UmQxM2w4UlJJSlV3M2pCTWRUeXpUQlZhMFY3WllTWjZWUHZQaXpCQkV2Z08zVDVjWGh0NUZPMXZlTnUyQQ?oc=5,2026-08-26,bilhetagem
news,ONBOARD,2,Mercedes-Benz,Mercedes-Benz conecta tecnologia e praticidade com agendamento de serviços integrado - Mercedes-Benz,https://news.google.com/rss/articles/CBMiywFBVV95cUxNcUNISWxUeEdYQU9VMUN2UXVCVVFiRnh0c0hEZndlbmgwalNkbURRUHQ2QldtU0Nqd0ZxMmxjTXA0Zjd6RHZFeHRRMWtTRk45MHJ5aUxUSnd3VEpJSDRaaGVOa1hrR0FiVUgzWFF0aV90VWFyOXcwSEpDbHJqek1TUEpLWHZsdjE5UVFBQU92ejNRdi1MVmhkOElzdUdVbmlGSkxGOUU0dDR0NW1NaWF0OHJKSU4tNFpSMTMxcEJxVW1UTE9DVUJQRXNlTQ?oc=5,2025-12-19,IA
news,ONBOARD,2,MotorSport.com.br,VÍDEO F1: Assista a onboard da Ferrari no Madring - MotorSport.com.br,https://news.google.com/rss/articles/CBMinAFBVV95cUxPSmVjbDcyVmFQd3Y1N0U4cGtUdFk5ZUZNSzlKM1BtVlJqRTJMVkhzYlhVTTVuYmhySmFIdDRoRWNvNVYtZ1VSYVZYQnN1NnJLaVUyS3NYel9sVzNBVjdrQjVUNVhLV2FoN0MwbEZvREloTU9obFhZZzgwZWd5ZE1wZmp1UWJGQ2NuSlpJamY4V180dFpuWWY4d1NhOGo?oc=5,2026-07-14,
news,ONBOARD,2,www.motogp.com,OnBoard: 'Pole' recorde de Jorge Martín em Silverstone - www.motogp.com,https://news.google.com/rss/articles/CBMiogFBVV95cUxNek1SaHBCd3FSdHN1Rk82YkNxM0JGanFuYmVFNlpSLUZnTFBySlp2RkJMMzFVZllyVUZ4QXRkSWxncjlfUWtTZGJTaUJ1YVAwUkhRTlBId1VYVlR4ZHYtbFlscVlRTFFWMExhZ2ZGS2dvdWM5SDZPWTBzbVJoS2pRTlJWcm5FcTQwUWVZSlVkRnQ4bnduSHAzN1N0aXlLcGNZZ0E?oc=5,2026-08-08,
news,Planeta Informática,2,Estadão Mobilidade,‘A eletrificação não é a bala de prata da descarbonização da mobilidade urbana’ - Estadão Mobilidade,https://news.google.com/rss/articles/CBMiyAFBVV95cUxOY0tyblpWRUNBS3JUR0VhOVV0aXZaUXF3ZU8xa0JabDBIVmg5WG1zQ21iVjM0MVF6eUxEd1BpYXEya0pFMXB1MDlxMWdRRFIyVlg2d0VRck1BXzJNc1Y3TXR0ZTJTcjI2WHBzdWVibjZoTGhIU1pXVjBQQmJONnNJOE1xalFCM1cwMVJiUVAyTFZLYi1hMmZaUEtXWGJUczVMSGNZUjB1WDh4NjJKVUxGdTk4S0xCRXhMb1hyRTFMMjl3cE1zM2NhM9IBzgFBVV95cUxQcVM2N0VzcGlSdGVYaFJlZHp3MzlVbmkyRUJ1RlBObUhPa1h1cUxFaGVwS2ZuYlJrbFVqRUtjUF9nYWI5RF9uNVJQZXhLMUc5ckJ6ejBGcXlzRFZNTFJKNDVJZG1PRlg5c3RqMnFPaEFya0FSV2gwZVAxdkhSN2M0cC1uWE5SWUVnODVqVjBHRFNDSEhoeGlEa1JseWVLU1M2d3gtTUxWU3V6MDc4TW9ReVBGSmRub1NfLXh0dTd3U2lhdnAzUjh5LW44cFlkQQ?oc=5,2025-11-18,mobilidade urbana
news,Planeta Informática,2,Meu Bolso em Dia,Mobilidade sustentável: como adotar melhores práticas de transporte no seu dia a dia - Meu Bolso em Dia,https://news.google.com/rss/articles/CBMibEFVX3lxTE53LWp0d1M0R3hadGUzS1R0b200eVA2c01DOHFmeXhOYWZDZ0ZQcVZueVZ3Q3AteVBHUmtJVFdCUlRxc1prQUVZRzJnVXRoVUVMdHVmSUtJWFo4bmdNWnFxUmJxa3dRbU9jeFVWYw?oc=5,2025-11-18,IA
news,Planeta Informática,2,Correio Braziliense,Um lugar onde templos antigos de madeira convivem com a tecnologia mais avançada do mundo - Correio Braziliense,https://news.google.com/rss/articles/CBMi0gFBVV95cUxOWmpfM0xRQVo2WWtNWXdaODNuMHNjOUxfdjlZeGU5Q1lwZ2lzc1JyNFRoYkVpcm9FLVY5cVo4czlGdUN2M0JySlo3MDE1NG5EX3R4VnFBRDdVWXpUTU44akZtN0hLUE5PaUgtMTRLZGtZczV2S0VSQW1BMEtDUHJCRUNFTkpLTmZYME1LY1dXX196X1VEajM0eXFja3hEcU1hemNLU2VGVDhLeGdEcE1PWFA4VkhadUtWOFpoSE1kNHc4Ylg2S3ZKY1ppN0tNU0N1a1E?oc=5,2026-01-24,IA
news,Planeta Informática,2,Motiva Trilhos,Recarga do Cartão Integração do Metrô Bahia já pode ser feita via Moovit - Motiva Trilhos,https://news.google.com/rss/articles/CBMixAFBVV95cUxQSVVyd2l3M1BWVlFDN2FmeDJteGhXR2dmNE5RVFZPSVR5aXpENUY4T0s1NHppVjVCRzU4WXUzRExCU2R3VER4RlBLTkx6Y3hzajNqY3pGcVE2UkdwenJzQXo0QmlGZkpNQ3ZxMkhIc08td0lmdG03RWM1cG0yR0FEWDU4VjdUdG1MX0RYNExLNl93bDR6bDBuTm9TOG80bmZDN2I5Qm01VWR3ZkFhUmdfM3MwQ1p6UlZucmtWOTlpc01OZ0pa?oc=5,2026-06-16,metrô|IA
news,Planeta Informática,2,GZH,Empresa gaúcha é referência em mobilidade sustentável - GZH,https://news.google.com/rss/articles/CBMi5gFBVV95cUxOak1oV3NhSHlhc041bmZ2Um5NU0RacjZjRVREcEZ2NzhORDNwejVmOXVfZUhSOHdVWFB2LXJ1RHhCR3dqcW9la1NxczVtck1tZDhzSEFYYklHMWQxbXNvT1FId19laFBBUG9rZTN4N25RV2V6RWlNNmNUU3ZlWTU0UTVPUnN2eWROejNQM1RPQjVFemIxd0tobmhkd3lieHZha3lJaGtWcTc5dE1UX1VYSl9yZnpXRXRXZUpGLWFtYXhRLTZPeHU0Q0hfWmJTX0dVZVFtdVp1WHVDeEJjSUdzZGI2bV9VQQ?oc=5,2025-12-10,IA
news,Planeta Informática,2,Estadão Mobilidade,Axia Energia faz acordo com NeoCharge para tecnologia de recarga de baterias - Estadão Mobilidade,https://news.google.com/rss/articles/CBMixwFBVV95cUxOQlNsZEstNHZfVWhVdzRIdWVsSXptVjBfVFZyU1g5MDFMSnZmWGo5RG1sM19kbUkweldWZVpTTUd5a0Z4OTFaRHUzTHNIT1NkaXc0bGs0WU9jZlVhOHdCVno4YUZRNkZJR3hRUnNUcEtTTXFad0FpeHBfZHprZFNMWi1KclRyNDdrbUpDd2w0UVFiM0FHNHdIenlxbW1kLUtVd3lqLS1hLUpZVFpBS3NpR0ZYeFMwbFhIdWk2NUpKWmEtTHU5Q3FJ0gHMAUFVX3lxTFBvZHE1S0NyVjdtSDFQQ0pIb3AxSi1HbjVRQ3Z0VjVnQkNMMFRodkV1anBBekJSMWItMFBlVTJ3WFJEX01pY28wZHQ1T1NLOVF2NVVFMlY2TF91TEFaeHFNY1JzRUVDMFk0THZhYlZUWmM2dnB0Q2NfZE42dnpfbEE3djhGZDRIdnZucEw2SGNkY1Y3TnBFR01raDVmbFV6cnc2dDZCOUdQOWZ0Q3BFbGpxTDRuMDFHaGkwSkVBRmU3Mmt0M3BWTHh1TS1XMA?oc=5,2025-11-26,IA
news,Planeta Informática,2,TV Cultura,Vitrine deste sábado (15) discute se a tecnologia nos aproxima ou nos afasta do planeta - TV Cultura,https://news.google.com/rss/articles/CBMizAFBVV95cUxNQTNlRFA0SVNRcFNhUXdKcTRMX0Zkd3hLTy1JRmRnLVZDRUR6c1RsbjVjM3hqM2RNalhIVzBoVHBYYnh6X0toSUdzak5GeEFaR1dKMGN2c2pFWVdEUk9hdnNJSDZBd2hjTy03WGhjMlQ3QVctRFp3S2tubDlfREFEclcxSk9XZmc2SFA2VEl0SmppLUZ0NWxwMjQ0VHhiemw5cGpFX280dWRiRmx6TFhUNmRrU1lOazFGcExlRllzbmdtRGxyYkpicmUxYm0?oc=5,2026-08-13,IA
news,Planeta Informática,2,Purepeople,"Globo quer Xuxa de volta: em meio a provocações de Mara Maravilha, apresentadora pode retomar 'Planeta Xuxa'; missão é enfrentar Celso Portiolli na guerra da audiência - Purepeople",https://news.google.com/rss/articles/CBMioAJBVV95cUxPcEs3d25UZmNRN0thX0dQUWtLUTYwWWhGRXZ5UWFZcTVEdlZ2UHFVX0gwVDRqTHg4dVFnQk5sdGdHYUZjVXFMZjRvMHp4YnNBOVR6VW94cWNtN0lXZzg1NWNqX2xBQjluZ0NqVHJfTzkzZW9TMFg1LUFfNUd5V2VMQU10TFhEcGZUZDRFOW9nUWVYaE9XRElfaGt5TkpYX3VldWhmWVpSR3B1aW55VWh5dVBXWFN1UGJsMzhSNlN5OHpHV20zaTNtY1gtM0RPS21xQzRlZXc5U1BNVm5jdGhlZVljTG1ibXFsNXpqUEp4MkRHY1BjM0NKVU11cTFKTXdpbG5aODhYNmNzMGNqVE9iaDBCYk5XTkhERlVzeTdDSVLSAaYCQVVfeXFMTVNsNEY0VURwbk5YMmRrc2tCcnJjV2F1bnhJem9rT1lJM3lIbW5HTlBTTlVTRG5XVDdWVGxWaENFUml4amNiaVlSLUpUeEtVSUM1ZmlCT2pGZkx0NjJmQjFLZWlLdmdCTXRjczV2Ri1vaWNreWZyWUtwNC0wTk4waVBabU1PcDV5blVKWVhJSVdLVHlrNkVET2MxOG16aVExOXBTOEJaV1pzMW1NRFZ4VktTcUJWeXZoRWZoOElKckVFRVNWUDRqZmRwRkVDYmlfek1CRVhnS0VCTWl4bWZaeFpFMU82S2FzeUNNbzNHU1F1a2RkT3VfZUVJblVqZlMtQmhWM2FXT3RydlRSa3JFRDB6UW5ZeGQ4V2lEZlR1Ukc4ODJ3ZkV3?oc=5,2026-08-12,AVL|IA
news,Planeta Informática,2,CPG Click Petróleo e Gás,"Energia solar deve liderar o planeta até 2035, mas inteligência artificial mantém combustíveis fósseis vivos - CPG Click Petróleo e Gás",https://news.google.com/rss/articles/CBMilgFBVV95cUxNWVVBTEhYNDFyUUN5QUN6SUprUWxDRmFoNjJlelM2S251cUx2MjlUbWY5NlRJcHlEcF9Ia09zWlB4a2hfOTBkTE5XUURmVlhsczZXWXZxNDRKbTNzaFozMXA0Rk5LTkpyVzZYZy04aDlldjFsSG5BcGhnOEZoS1Q2NmVtNjg5MTdYaS1lSzhyeFkxQk1zTVE?oc=5,2026-06-01,inteligência artificial|IA
news,Planeta Informática,2,Tek Notícias,Mundial de Futebol FIFA 2026 é a aplicação oficial do maior evento desportivo do planeta que arranca hoje - Tek Notícias,https://news.google.com/rss/articles/CBMi3wFBVV95cUxPNlZESjNRSXZpdENZakxHV1BnVVM3dlJWa2haVFk3VUJaUEVjcFFiZWpRdXJRdFlPcmZPa1ZqZUJ4U2V6UHlDb0RzcDRNbjhCWE5NcElUR2ZUTTd4ZFZlTFhZcGRBUXNsd01sN2RGNWRCUmhzSTh5eEFLb3FDTkhSLXJvaUhqUlctR2hQRzRMaGV3UE8xQzFMX3FWUmRYeXhDZ1NKZGJBeDNNU2EwbFZUc203NWJQVi1YRHoySzNwTjB5aWhMNlRtcUFxa1BCMXZXUTU1XzRGY05TSzZXQUt3?oc=5,2026-06-11,IA
news,Planeta Informática,2,G1,Como saúde e bem-estar se relacionam com cidades inteligentes? - G1,https://news.google.com/rss/articles/CBMi_AFBVV95cUxOekg5aGxxMUpjak9hSlZfSWxsNmhQMi1HQTRZUjVQNjhzTWljazdZMEpCYW4zOFNJUkZvRXhDY1dVaXA4aHRJY1EzZTdGUWoyeU9WTjB2ekZKVUttRkQ1LUpNaW95QWluZkhFLUFtbWZvR3BRN2s2dGU3V1RVY00zMmRxOU9GeEZrby1lRlNyb2xkbnhpSW82TXp5V1lfOHJ2ZnFHNWw2OGs3X2pXS3VlM0gyaEROZUNzM19VVzNDbW9ELVZpdGFEX3ZiWV9CbEVNZlJBdDk4TERQSmxRWUp1Zy1oTU1EM1BwQTZDNEg2Rzh0UGVZU2Zwc1FMU23SAYsCQVVfeXFMTVB1akdFdDJnOFBYb3NJcUVOTHNsanFKQjVrdlAtS0MxNFJmYklILVo0WERmU1lkZjkzYWsxVlFLUHVDVEN1WVE2U1A0UHZfby13cl9zWTM2eS15UUdQel9xUEJOYUVJOG1jd1ZoUWlnSUVOR1RWd29GMmhjUTRra0N1ejNjMng5UHFZRkNvMFI5YWNZclB2bVZEOHpRa2ZPRS1fRmlyU2x4YVBrdFptRElEWnRiNjdJX0dCUFA5ZlhseVNscU9rcTJsSTJyNXVobEEyZ1FDdTRZeUlEc3ZmcGh2ZXhLelVINmFYQ0NiVmVNZU5RRV9zZXhSU1AzSUxtM2Z2U1NHNk11a0cw?oc=5,2026-02-04,cidades inteligentes
news,Prodata Mobility Brasil,2,InfoMoney,Metrô de SP passa a aceitar cartões de débito e crédito por aproximação nas catracas - InfoMoney,https://news.google.com/rss/articles/CBMivgFBVV95cUxOXzFFTDFCQ3huOFFQLU5ES1Z1ckMxU3JKQnpVTFBCT2FKWkxvYVY3Y1pITm4weVlTNTVoSmlEQkYxanpQY05qX3JXZVZYc1ZfS1U3eFRWbVBaVWIydzJ4c3NWQm1BSDQzMjNQNEhadHFLSEVHMFc1UFNRNHFiUFU3RnhVQl9ySnJ5VWJnNjh1NmJRN2pXU21SbC1NcFc3Y1lhLUVKdV9yVlJ0elk0REF5X1dnMTVuTTBldldsYXd30gHDAUFVX3lxTFBfZkZaM2RPb3VaVWlmUkFUTXhTSGg0UDBLejZlcHJlU25TSzZOaENiWm5OX2pRREprd1MtWFloRHd4LVQ3Mm80TFdaRjBkd05ydjB6QzVTNVpINFptTE83ZkxxQzBoRTBUZnRyTm5Ia1V1bFhHTWs5NHB3ajhES1dfeTZRbXM0TXVQTzdXT3lpQnBEVl9JVW92am4zWS1qS3psLXA3OTBLTVN3Z1lnV0psdGJUaG9wbWt6a0ZiNUdaeWpmUQ?oc=5,2025-12-01,metrô|IA
news,Prodata Mobility Brasil,2,technibus.com.br,WhatsApp com IA e mais funções - technibus.com.br,https://news.google.com/rss/articles/CBMidEFVX3lxTFBqbWhSbnJvbGhoMTB0VWhrV3ZudG5uRkJTb0ViOWdXcWcxX1VtZF9oQ0wyeEdsVVV0UGhXaW1zQWZMeWxUV2Eyb1RwVWc0ZE1TOW1ETldrcW1RYWdkLW8zWElmZFU4bXM3UVdYS3BQRW1RTWxz?oc=5,2026-06-10,IA|app
news,Prodata Mobility Brasil,2,technibus.com.br,Prodata Mais Mobi reforça venda de produtos Riocard Mais para turistas - technibus.com.br,https://news.google.com/rss/articles/CBMiqgFBVV95cUxPcVhRSF94bWM4N1MtX0pqcjJHNEI1RG5vbWlrYmdyaW5zRU45cG4tQlMyZGYyX01nWjNJVlNwZmF2MFFXZGFaRzltd2FNc2hQeTRUOER5ZmQxc1c0S3BUbmMwNVNUWm9DM2p2OV9DbDZOdTRxUVMtYjVxVzMwTnNOS0ZaXzYzZVoxTUVWcUM2dW5LalNWZV9kWHBKSUdld056ZXAyZURxbDRWQQ?oc=5,2026-09-03,
news,Prodata Mobility Brasil,2,Diário do Transporte,Prodata Mobility leva autoatendimento á nova estação Washington Luís da linha 17 – Ouro - Diário do Transporte,https://news.google.com/rss/articles/CBMiywFBVV95cUxPSE9yS2RlWnRaWGNpVmd0ZG1ocTZGQlE4RE5GUmZldzgtZXJIUWJPY2l4b25Bejk1aUFDbzZRbHYtTEF1ZzFzYmxYZVpmS1oweGJhcFR3VkFXTVowUkhRbk5OWDVuaHAtUlMtYm5CVEpvTW9YVU5XSVhnRmFmaTFlZlVMMkg2bHVKZU1nVXNmR0p6TGpBWk5kdHhseVFOT0dEQjk2T3RQaDZMMVhjUnFVNDhpeDJPQ3dmanV1cFJmQTlDMWRxc0o4MjFjONIB0AFBVV95cUxOYlgtZ1o5R2FkSHZnMmJlc0h2SGJpQzh4b2lhOVliWkktWUdqOGZ6b1daNUlYTUtIX1ZkNVBiYXZNS2w0cWNHRkNBa3BOYVoydGhCRUcxaW9iSFctUmJmWUxsUVh4ejFqSWJSeFdCdzYzSlJEVnNfZUsxYnRNbGpGMXJrTUtJOGkxSUN1anM5ZkxrSGtmakRET0pTUGU2RkQwVnFZekJEVHY1V0tJbzlRczktZGRySk96S3BnOVZxZDA0b1BnOEF2dFBnZWZWdVNM?oc=5,2026-07-01,
news,SONDA,2,Portal ERP,SONDA registra crescimento de 41% no resultado operacional no primeiro semestre de 2026 - Portal ERP,https://news.google.com/rss/articles/CBMiuwFBVV95cUxPUW1mMnFDdWFmeEdQQ0RpbmtvWEw4dDFDNk1GLW9jRWUxV3c2ZGpINGNtbEFwZUtkY2RXWXExSWUtX0RJcGJHcnB6R2FVNWdTTTBrQzQ1bG1UTldoa1JvcFczYzNybG5VM1hqemxLS18yM254Z1FwcFYzUUpuUXVtb2o2ejY5dV9UVWk4U0l0X05vbW96RXBGMnFBMmRhR0xpbXFvMHdCbjcwLVpjQVF0N1hzRnYxSlRqdmFj?oc=5,2026-08-13,
news,SONDA,2,Olhar Digital,"Sonda ""Parker Solar Probe"" completa 28ª passagem próxima do Sol e mantém recordes de velocidade - Olhar Digital",https://news.google.com/rss/articles/CBMi5AFBVV95cUxPam9rWXJjUkpnQWZiUWtPR3VaOXdiTEk4eTEyeXVYWTVWS252TXRPY0JfXzVIUUN0YXE0NmVCVTBuLVh1WGxjSE45RjQyZWlUaUpyMjNMZ2RZeFRldmlXZ2RteUxVZWFpOUlWaWxVOFQ4d2Y2UGdQc01IWk4zLTNCZ3pqWndlYlE0aWVxTEY1cGFQTkNGM2FtYlVjMTJONG16VndHUEdCMU5qTjRRUWxiQV96WDRXZXEybkV1X0hMSUZvRTc1OHdJSmFnNXNBZEd3eU1PNnl3dW04OXFPZ09sZGtDNlI?oc=5,2026-06-12,
news,SONDA,2,GZH,O valor que o Inter entende que deverá pagar para Delcir Sonda - GZH,https://news.google.com/rss/articles/CBMi_AFBVV95cUxNcVFVZklfMHNsMmxtcmNzblNydWxOQUJQRWIwa04tYTJzOU9XOUhvQVoxLW9NSkRqNkFnZGxqa2I4QjREN1V2T3ZSb1dmdkJjck9pSW5Gb25Dbjdqb2ZGWXlUZjJKWGNQeEhZUjYxb2haTGkxYUd5ZnAwREx6d2kzZTZKWWEwRzVlWGVnOTlEQ05OU3pfY1BCOVl0TTVEX2xYUkQ3RTFqM2pxbUdnZ2p2N3JwVE81MUp3SVMyVnh3WXhxY09wX29zdW1kekFVTE9hX3BuVjBuTk9mcXNwWG1pM0k3bVJ5bUN3dFg3MDJyYll5c0kwbjBFSmdtSGY?oc=5,2026-08-05,
news,SONDA,2,Prefeitura de Curitiba,SUS curitibano faz cirurgia de próstata a laser no paciente número mil - Prefeitura de Curitiba,https://news.google.com/rss/articles/CBMitwFBVV95cUxPQkg3b04tUDJQZENKbzdLN1BxU3drMHlwNUZOcDJVM0M5M29fYWs3c3hjel94ay1UeUFIQ1dKNjZJSFF5dHNuXzlXVFR2SDJqOVM1NTZuNmpfTWJ1TUYxRWZuUFVub2psTmc3aXJuYTlhNUpMNzl1MmNvaFN6QVQzNmlCbVRIeVF5aEh0NVc0R2wtRHhLX3lIbFg1T3ZuZV9fTUFXNTBpdldwa2dnQTZXM09hMW1XYzg?oc=5,2026-09-28,IA
news,SONDA,2,Mobile Time,"Após mudanças, app de ônibus de Fortaleza supera 1 milhão de downloads - Mobile Time",https://news.google.com/rss/articles/CBMie0FVX3lxTFBndmlBMlFXYUowRGhKOHFVOFNmaVRMdllOTndYTENqbDBPUVNNcmtvbTJfbW9kRmN4UVhNd25NdDlXZE1Da2NQSkowdkhnOE9jMjdRaURBanVSQUFkMldDMnpFcjdYRXJqdjhhREFfRFNGNjE4QzBFN3BJRQ?oc=5,2026-03-25,ônibus|app
setorial,Bus2,7,diariodotransporte.com.br,Aplicativo BuzzPY com tecnologia da brasileira Bus2 estreia no Paraguai com monitoramento em tempo real de ônibus - Diário do Transporte,https://news.google.com/rss/articles/CBMi8AFBVV95cUxQS1VrVXljdVQwY2xDLV94TWhraGN0SmFkSDlwTmJleFZsa1V4ZHM5ajVid0hpcVN0eEg5MHVXRG1kS3pPQWRxeW4tR0JBSmk4VTJEMVhhTW9OZ203QmlPRGR0Tko2VG5EdlFRS3AwRmFlM2hhVmpPbm45UFBnUTZVcnJzaV82THpzdmk2RDROa3gzekgwbGtWZmlrM01aWDFjcEFHa25XeVhBSS1rM21wTy01QTRKcEU5d2FwM3hhSmZtVmMxOGNFLXJTVDd2LWs2VDVwWmkyY0lKdUtQdWNtYld1TVJ1ZVZlbnAtRUprM3LSAfYBQVVfeXFMT0hQaDRDWlVuSUVib2hCRV95NURyQkIwVWN2M3BFMUdPYjRVNEdGdFJJNDJZZVVWazE5N29yVUNncVZXQ3pGYUUxN0QtcVhlNmJybHB4aDFzcVNKRkZjeENXa2UydTRxbXhVLUx0eDNCbXJ0RTkzU0FMaE1fQjVVb3J1Q0dKenRuOTVMYVBwVzR5X1JwdERMMHJmTGh2OU5tQ1YyRlY0Y2paMUk0WmdJNm5WcDV5M25STU94dFpvY2lDeWtkZXBOcTZvR0YtUXExZFVjR01FcGdvWXZiLVp4OUFvdkl4NnVDUEZzTDZfbXZ0am5lZTVn?oc=5,2025-11-25,ônibus|IA|aplicativo|monitoramento
setorial,Prodata Mobility Brasil,7,diariodotransporte.com.br,Prodata Mobility apresenta soluções de bilhetagem e pagamentos para transporte público no MobCo Paris 2026 - Diário do Transporte,https://news.google.com/rss/articles/CBMi5wFBVV95cUxPYUppQ2F5UDdyVmhnRXY5QmxhV1poVTd2a210c1lwanI1d3llQnhwaS14SG5ab0d0cVR6Ymc4VEtkY01CbW56QzRfcnNOUEhNTU1fUmlaY0JwQTU0XzBVTGJNRjNzSDlwTnMzd3VuTXJLMGk4OWJoeU9XVXVuTmFic0FQcnJtRHVKQTV1M3JBUFNpVTdDWjNQdnJvSDJITkpONS1xZzhIWV9jaDN6RHZ0eVcxd2F2am9CbVdya0Y2b3RoVUtySGZuN0ZuTWJ2NDBpS1hOTjFQak81dG9ieFBDUE03dnAwM0nSAewBQVVfeXFMT09SdDB4NDFqeGtxZTJJa0FGNGdWamZYaks1WmtyMFp3dWR2dG5MYkZoMVkxN1RTamRyWjB6T2tSUHE3dXdnVExHM2huYlBHdVNHLU1WSjdjSUQyVWVpNTduVVdhZXhrRDhtWmlzVVpURDFfWjByNWlYZ0FjZWhPbnlFOXE2Rkg5WF95Q3RocGpGWjBlb1FrTFhqU3I1NnRwLXJyeVV1MHlDVEgzSk5kb1A5akV1TWY1Y0IzWkdING9vYS1Tc0ZVMU1iamlsVk5PbDYxRFo3WUIwNkZDTmJuTjZ4azNjVFd0UGlqa2k?oc=5,2026-06-12,bilhetagem|SAE|transporte público|IA
setorial,ABtec Mobilidade,6,diariodotransporte.com.br,"Após Estudo Nacional de Mobilidade Urbana apontar falhas na transparência, ABTEC defende uso de tecnologia para qualificar transporte público - Diário do Transporte",https://news.google.com/rss/articles/CBMilAJBVV95cUxQcWpKRE9ic0tBejBidlRJUXdNdFVabmdmUG1USkR0bVJnbGtSc0pBcDNpV3JkaVdFOS01R0FvX2RxM3FxTmkwOFRIS050M2tDVUpObWp2b2lVVzVzM0dZQlJxU0U3NXZ6NzFGdmtDUFdtTXEtVjRWYmpOWWdOajA3T092ZUFYdURWSktWYjJSSS1SVXRXd1Q1aEszOElYQ1pxdWhJUTNIXzl2OXM4bjNPaW5RMFhvQm10Um81eS1lM2NZdVFwb3NZOV83VGV2VVlNRmxvVldGOUUzeXJGeTEwa0JRY3VKS3JKVE9tT1BnWDB6WGRfb1g4bHpWaUI0Q3RzNkJBLXlJU2tQV3NpQkRMQ2h0dS3SAZoCQVVfeXFMTlBGR29oc3Z3QTZGZFVSREtfRVhDRHdRb0hZU0xxMEZoOUtueUM5NXJWNWw0bDhpeGVfWjNZdXBmQTh3RU0wVjNYd25FTHJ2ZWxVUFh6QWJmQng2ODdwZDd5WFhiTEZKWTA3Z3o5TThQTFBURXRSbENQWGQtdWllY1BxTXItcTRpZGpaVVJ4QjlkSjNPQU81ckIwbkhwYXYzeHY2V0VpSWJuNWVxV2ZDVXhnV1ZlOW5XVmZsRm0xSE9QbWRjTmRFQTQ3cEMzNi1zRlFPZHFhRU01bmpwbmNzYTNyd2t4RlVKcWpxRzBxYlpMRTdVZ3BmMEFlbU5rNnoxS3RnU29oQlVnamFTZjF0WWg5RHVPck9zS2dR?oc=5,2026-07-03,mobilidade urbana|transporte público|IA
setorial,Cittati,6,diariodotransporte.com.br,IPT disponibiliza parecer técnico sobre aplicativo Cittamobi como solução tecnológica para Cidades Inteligentes em Mobilidade Urbana - Diário do Transporte,https://news.google.com/rss/articles/CBMiigJBVV95cUxPS1NNc2NUOVk0V19RdU84TWZtM1Bxd2ZPNWdpdC1FTzdra3AzdGVUUnJ6QnNhX2ZoMk9GUWNYNkVHVG11YzFKS3VZMHZEWTV5MHk5OFFCcVo5N09aQ2duX0Q4S3h1X1JqRHV5V1pPUk5WNV9MOU51ZHFZUThpUnJsN3d3ZjdkbUFHS05YYkpQNWNKdHRCZkhiRDJjZTNFVnJ6cE9TYVJtdWdZYnpGZWNfMFVHR25fR1V5Nnc3YTR6UFBnMzFYalUxVlRwZXN4dDdmNjJUN0hjZzE2MUV3NDVnVEd0VFhVNDRHQ3RFdlFCYjFPbEZQbFlFQjcyYzZjWXFlQWw5bjFLb1Bld9IBjwJBVV95cUxPbWNrdUxkMzNGc2Mzc0xiZjFMbXkxT1piYnhrMG5QTldITGVDcmtBR0lmUHZKRUk0WmpNTFFSS0FKSUs2UWxZT2R2dzFSMzN6WWRZclBQQWZzallpZVdLcVhPLUlRcG1QUmFPSDE4SkFOTVRBVmVnSGYyUTlFd25LMnU3dW5MTDNBVi1DbG9aZzNIVnVQbmhKOThLWFg5NFUwTC1rSHRnQVV2WHRiZ0J4ZE16U05PTGdSQ2tfeVc3UlR6dGZ6aGNFSTktTEhfc2o4SnNpenRvTkNsM3NjZ0p1cE5kVXU0UURuSUZoLTNLbXl1bnhGcGpHUHdiUXBBVktUTDhKRVhOMERiclJ0YkFz?oc=5,2026-07-24,cidades inteligentes|mobilidade urbana|aplicativo
setorial,Planeta Informática,6,diariodotransporte.com.br,"“Bilhetagem é a maior rede de sensores de uma cidade”, diz Diretor Executivo Prodata Mais Mobi ao defender uso de dados na mobilidade - Diário do Transporte",https://news.google.com/rss/articles/CBMi7gFBVV95cUxQZ0N4b3ZiN0xoWUNtdjFYU001TnF1aUpiME9MUld5MDhaQmdHb1ZBMXR2alJYT2JxZE8tczdDM0czdVh5SmZDS2dvcGdtZ0JiZEVzTmVRMjVPYmtscDdBVVdTUU1MeGctZk5mWG0zUTV4bkVjMWNzOEhUbW1GUGRQSlVpZGJFdDU4NTFiSDdVZnljc1NDdlBJRlZlUjZYNlAxRl9zb3V0X2xwR0ZmSXpwUHlsZVhxZnp4ZUxtTEhFZTZUR2RHNnlhUVV3bzhtZnNmU21NUXlqSTgxb2NvY05Ea0VVcm90UXpPQWVXYXd30gHzAUFVX3lxTE5wak01cWUtTWx1REFJWDNFRWxfSC1JWC1icXhlTDQwekNGUkFvZE9YY0lyUFJXd3M2c1YtSkdwSzNjU2dpMVl5XzFfa1A4clBJUkNvcERIX1lQOVFDN1dWbnB2SnpuMzFzaVpMREp5Rm8tTGpMaTNnM0EzNkNhNUVzSEpiemtCeG5obkJBNFRuWGtZLVlIam5yT3prb1d0Z3ItUW9QUDJWMlM5RUNFc3R3MHlSMl85cWQ4QWFhSWJXRWEyMkoxWUlMeTRmd3B1WmhWa2RuQi1qT1dadkd6MXNCR0dBNUMwNlNSb2VXMlhxaXZxZw?oc=5,2026-08-07,bilhetagem|dados|IA
setorial,Prodata Mobility Brasil,6,diariodotransporte.com.br,Prodata Mais Mobi leva tecnologia brasileira ao maior evento de transporte público dos EUA - Diário do Transporte,https://news.google.com/rss/articles/CBMi1wFBVV95cUxPbTNWVVYtTEdtLU16ZUlOLTZFWmlyY3ZRR1FlaTlkR0hpcGlrU0diMWVhOHNEYlFiS01ydGdDT1M0Qk9obTdqWmVmQmJ0ZU42NW1KcHVnZTNBaHVIQW1LSmZ4X3F3N2pLZl9GWEJwZ0pib19oV1QwTUVlYUEzTXlrQ1JTWEtOa2NDSFA4bUhvNUoyTlkyVkZlSC1CdWVTWEo0N1czMzY5Q3JNRllKUi1qWDQ1OVU5YWF5Q3cxSHBRTVVUdTdiUlNwdXRGOWRMOTBBbUJUc09KWdIB1wFBVV95cUxPbTNWVVYtTEdtLU16ZUlOLTZFWmlyY3ZRR1FlaTlkR0hpcGlrU0diMWVhOHNEYlFiS01ydGdDT1M0Qk9obTdqWmVmQmJ0ZU42NW1KcHVnZTNBaHVIQW1LSmZ4X3F3N2pLZl9GWEJwZ0pib19oV1QwTUVlYUEzTXlrQ1JTWEtOa2NDSFA4bUhvNUoyTlkyVkZlSC1CdWVTWEo0N1czMzY5Q3JNRllKUi1qWDQ1OVU5YWF5Q3cxSHBRTVVUdTdiUlNwdXRGOWRMOTBBbUJUc09KWQ?oc=5,2026-10-09,transporte público|BRT|IA
setorial,Prodata Mobility Brasil,6,diariodotransporte.com.br,Prodata Mobility participa do Fórum Mineiro de Mobilidade Urbana e destaca soluções tecnológicas para o transporte público - Diário do Transporte,https://news.google.com/rss/articles/CBMi_AFBVV95cUxON1RFNHBVVkotcklZWWxWaUU0bURSRzBxT2g4dEpJRmJJLW9WVEZjN1IyRk0ySzNMTWFYY1JxVkRFLTdtd3IxMzVBTHJlU2EzME9MX2ZvMEVVU1RaX2tlZDdXQUZuRHFETTdXWDloNkx5Z09lQWotYkRiZ3QtN1pMV0VMU1dodDIwMmduZjU3UEhXNnVTcnBZdDdGZXNCV2ltSVVZd1hCeVF4eE4xX1RVMm4xMnYxa0o1ZWFBN0xCS1JCdThFU01aSkpPR2pCdEtTcUdaYXhMUlZjUHZTVG4waVdqTUlfY0oxUVRwRkxXZXVKSl9nQTliQmhKRHTSAYICQVVfeXFMTUxBOU5xS1RSWjhSNkZfNTVnZGFrZnhSUG0zM2s3QlNXZXBHZzJYcXZIVjRrV0pNclFKOUxydzd1eWZYMHJ6M0YwQ1hLVHlpT2RFSVU5cExtYy0wVjdKaTN3NWR0NEZ4WERRWEhpRTFvbXlzNjJITFhIWnZfdFpybFoyRHg2YW5FOFZidnJUVkpsSEhERmZSZ09VdXcydkFVeGRpa0dOVTE1VWhwamhRVHJhWkRWNHBHdHZQYWxRYnNmUXpLcnRaNzRmbVZaNTBIaFZreGJKYlBUblVacS03b2NMTGFPWW5NMk9sRTkxeEQ2YmJpZV9lUWtfT1BRMl9uOGlB?oc=5,2026-06-22,mobilidade urbana|transporte público|IA
setorial,Prodata Mobility Brasil,6,diariodotransporte.com.br,Prodata Mobility Brasil inova mais uma vez e oferece experiência integrada nos modais de pagamento digital de ônibus e VLTs na Baixada Santista - Diário do Transporte,https://news.google.com/rss/articles/CBMimAJBVV95cUxPYzBGZ2lsQVJKX29yU1NfRjFkTG1DWnk2LUprRlRfd2oySUpIZVBGYWU5UnNJTTFuNVFtSWZqYnIxQm1WVWhSS3hBeGYyMVBUWlprLUgzWXBnR1NkN0M1Y1FvbEdYaUV0X1VJUURPLVhKTGI4eUxmWERpVnMzay1HbUViVWg1dFVYNUowMW5hS2hpc0ZKZzg0WjVROGtlcnQwb1B5enBhTmY2ZXF4bHV2TldLNDQ1aDFEMUNIN0pzR2xCQ3doU0c1VTFJUThVR2pwY2tyRGVpMXBfdjBnYmxhUUNVeWktakdidjhPSXE1aVZncTNYY01ZWkhDSnNZTFpSWGtvNzdFbHJsX0thU01XS2hWMndQWEw00gGeAkFVX3lxTE91MExhOHZfVUg2bk5LeElIU0hBQUU5bjdPeVdPYzVMSnNGdEowSGRudHQ4MUFULWd6d0tHdElzdDZGV0lkTHNmemRNQlZ6Vk1wNzJXR05kWVdVb0FQNjVpNUFhNHVtX0xxbmFJYWVBUXdWOFVvMS1mMnA0Z0NVNklkTUVYZDdwQkM4RmJwZjlEaDBHTTJOTFRua21FTjRobkNrN09udXFPRzZaWkdYRUdLdlJSTVQ1OVdNNV9tN2FOTnNqcTdPZDJvMEE2djR1aUVHVndEbDBRNGdWclZTelhNb1o0b0w3cFBWa1ZvVWNBcHBqYkFMMVJGTG1pcEtkWmpRajZJdnM0RndPVUtha211NXNNeUNBNFZGQUMydlE?oc=5,2026-02-19,pagamento digital|ônibus|IA
setorial,ABtec Mobilidade,6,technibus.com.br,ABTEC defende tecnologia e governança de dados como pilares para ampliar a transparência do transporte público - technibus.com.br,https://news.google.com/rss/articles/CBMi3wFBVV95cUxNNi1NWVFwUm44U0pfVVhLZDZKc3dLeGRqWW9lZFdyWVpRc0dCNDJmRllGelVoSHFlRG5JYkJ6S0hkdzBaQWFjcVBhd19YMU82RngyUzFabnhGR2J1OGVZQUdpOFBjWW9JWEl1RkdxNkNIdUMxZWFuWU0yOW4tS1hka1d2V1o3bUxhTWJiN3Y4XzFIVDFDV3BrNnE0NVA0MmFXdU5FNk1PNEVqa1NZakR0dmFzV3EyWGtnd2xDQ3UtZ0dIMmxxM25MeDdjWWV4cWVKdDZHd2RhVjR5TjhEVUNn?oc=5,2026-07-03,transporte público|dados|IA
setorial,Prodata Mobility Brasil,6,technibus.com.br,Prodata Mais Mobi leva tecnologia brasileira ao maior evento de transporte público dos EUA - technibus.com.br,https://news.google.com/rss/articles/CBMixAFBVV95cUxObGVrcDQ0c2NtdXlUMk5TZlB4OW9TNWozcnRYN3Vwd3AxUWVwa3o4OG9pOEsyelpwdmh2X0hmWnNnaTZSQlRGb09SZngtU0RFOW9wRGRhT1dLUl9fZVBZUEpIWTNzSlhpY0V0Z3NQZXJ1WHgzVGItSmRRdmlmSmE1M19ZeERYQ1R5Z3B2X3VjTW9SVF9KYlJCLUlKOFViSnc4anRPS0NIZTA5RDR2MktnM0VRTmhCSWkzSEV1Z1YyX01OeW0z?oc=5,2026-10-09,ITS|transporte público|IA
setorial,ABtec Mobilidade,6,antp.org.br,Da bilhetagem ao big data: Bus2 leva leitura inteligente dos ônibus brasileiros à Arena ANTP 2025 - ANTP - Associação Nacional de Transportes Públicos,https://news.google.com/rss/articles/CBMi3AFBVV95cUxPZXU3U3pRYV9VTjE1T19jYXROcW13V3d3QnVGekloc2JtemVrOVlobjZPbXhhS2Q0cXNGUGpzUlRQSnMwZTA3SFpUUGs4V1l4NjYtUDd2anFhcTFtemRvVTFkY3NRWWpaSkJVbmttbDRkNFpzSmJJOUJqaXVoQU9UVDF6OEZZUmtpbXl0aURVVXJwaVEzV2x3RWxhNFhveEhrNUNHSG9tZ1E0OE42VVgzRFNwLXY1czVGaDdyYTRWV2NQTlFrYko4Q3UxNWNlVkw0MVRZcjBDMnl0Smto?oc=5,2025-10-14,bilhetagem|ônibus|IA
setorial,Cittati,5,diariodotransporte.com.br,Bilhete Único de São Paulo é citado pela UITP entre referências mundiais de bilhetagem e PIX aparece entre novas alternativas para o transporte público - Diário do Transporte,https://news.google.com/rss/articles/CBMiqAJBVV95cUxQUGpDa2M3djBibWhFbTNRN1AzMlVLMjBxSGM2a3M3Wm1qOFJOMmtmdWF4R085TjJrUnZ6Ym5GaDR3MEtNRC1ObW1OMHp3c2U0V2FzUUFnWkF1TU5wdkc2Y2xDU3BJQkZrQlFfaGw4bGp3ZTNpUEhzT0JDRjJ1ZGpOTG1raUpjaEJxU0IwNDMwNHlkNjdmMkt5Q2c5dWlHVUpmaXItTmw3d3l1NE1KYnF0MWRBb3lDS3Z6ek40UVdvSmZQQTBwRGRscmdxdDVSTVZFZ1JCa0VqT1hXVUM0amdJdDdfUzBGQ0JPWGNvSTlSaVh3Qm5GdVVCWlozUDNZTFFrYWN5VW5SaU9kOHRIZFdDcDNacFdjUzIzOHJuMXZ5bS1lWndEcExHN9IBqAJBVV95cUxQUGpDa2M3djBibWhFbTNRN1AzMlVLMjBxSGM2a3M3Wm1qOFJOMmtmdWF4R085TjJrUnZ6Ym5GaDR3MEtNRC1ObW1OMHp3c2U0V2FzUUFnWkF1TU5wdkc2Y2xDU3BJQkZrQlFfaGw4bGp3ZTNpUEhzT0JDRjJ1ZGpOTG1raUpjaEJxU0IwNDMwNHlkNjdmMkt5Q2c5dWlHVUpmaXItTmw3d3l1NE1KYnF0MWRBb3lDS3Z6ek40UVdvSmZQQTBwRGRscmdxdDVSTVZFZ1JCa0VqT1hXVUM0amdJdDdfUzBGQ0JPWGNvSTlSaVh3Qm5GdVVCWlozUDNZTFFrYWN5VW5SaU9kOHRIZFdDcDNacFdjUzIzOHJuMXZ5bS1lWndEcExHNw?oc=5,2026-10-10,bilhetagem|transporte público|IA|PIX
setorial,Empresa 1,5,diariodotransporte.com.br,Empresa 1 leva à LAT.BUS 2026 soluções para digitalização da bilhetagem e gestão do transporte coletivo - Diário do Transporte,https://news.google.com/rss/articles/CBMi4wFBVV95cUxPa2l5LUdXME92WW04Z0RlNWlJWjNOS0tfTnVUejBTbGhBTll4Z0JkV0VqcXdhaDJQbndPSTBGNHlfZ1hqd2NyVXN1UktSV1pmakprcTh5VWJmQVlsNXFFb1hteUlXSkJoa3Ezcndmc1BqYmlPZ29kbzZIV1JlZDRsX1FyOURGNUMxZzdpUzRHNzBlVkwyVTFIanFoNlctRkZjNGZqTmtsRGl5eHBBZURmSlJ3cVQ0Z3A4THJ0NVlndEpfTnY2Y0tvRUp2WTRlRllmNS1SOXRwdjR1V0R5T1JJblZfNNIB6AFBVV95cUxNaFo0X2VUangtZ094R0dlODVDLVF0OWVCbzhrVFZ0clQ4ZFhwX2w1RnlFR3JWR2xXNGN2T2hzMkI4Z3haZlFrcHpkLTBOMFNDMTIwY3RsdjdxQ0E1TGU1aTRHSFVWazdKSzZFQkhEVnlTSFZrS2lXLXhWbnZQc1hhWmJtODZwT2hfYTNOWGtOUjdTTEFpbFBxckFmeWpINWdZX3VycVBreVZUUGY1LTFaWXhIcjlqMGptUXFuSlZ6NGlrZGo1ZEFFT0xzeFRYVF9LUm1WaG9hNVh1MHEzQ1ZoeWhDanVLQ1h3?oc=5,2026-08-10,bilhetagem|IA
setorial,Prodata Mobility Brasil,5,diariodotransporte.com.br,Prodata Mobility Brasil participa de audiência pública sobre modernização da bilhetagem do transporte coletivo de Porto Alegre - Diário do Transporte,https://news.google.com/rss/articles/CBMiggJBVV95cUxNa1lXdUtHY0dERjdJN1RVbmZ1dEpNR2JKbEJyME9KWEl0T3FXZVFnaFNSQmUtN29NblZ2Vy1xbnlKYUhla0N4VGUtY1NMdzlHQmhhcnJHNm9aZmktMXJjME9wclZRQ0JIYVJBNWR1ZFpVVkNNcFlZZVhnSXg4dVI2bno2MmlTZzVRYWs2TFRHRTNrLWZURjBOS0pTYlpEdDBfVFBBaGJJdkkwZzJsc0c3MEt3UU5SQXh2X3F1RkpXZjJDZXBnY1M2Nl91SWFFVnJaOGpmOHIzTHhfSGVDZ3lCdDFpSkY4MmdmWWJmNkg4aWptOWNpaTgxbW5MekRtLVQzVVHSAYcCQVVfeXFMTVdDQjlKVnFrMGFSZkk1SlJPQ0Q3NFJRcDk5R0ZlMVFFaVpWY0RieE9tLWZQXzc2V1Z3T3ltd3JVbzduTWduMkw1cUxuLVV6MEhZMDRBSnh5SDFYYXUyTnJJTVlXRnFUT2k3Y1FtZDJmSlRzM0x4Y0ZRNmtKeUhOdEVhR3Bxd1VqTUhCOUhZVzdoUUU3aWIteVVMcW5UMTIyMWtQaWR0Tm1SYXp1aDV5WGo3TVFrQWdxb1VvY0xaYUJDOEdjem1XSm9zZVV6bUZTZzdvZDhCc2JPWGgxZmJIMW12ZTdlbllPaWhLTHpHOS1VYk1BLXhLUmFMbzl5TlZXZVFUcHMzaVU?oc=5,2026-06-19,bilhetagem|IA
setorial,Prodata Mobility Brasil,5,diariodotransporte.com.br,Além do monitoramento: a ascensão da observabilidade e como a Riocard Mais criou um diferencial estratégico - Diário do Transporte,https://news.google.com/rss/articles/CBMi5wFBVV95cUxQczFBQlg4UVBHLWl0UjdNS2hmcmx5OVhGM2RHOEMzTHRRenFqZUtTOVd5TkNTVHFMemlfeWtnLVhZeTVubnJHUXBVd3NMOGV0WFBOcnJsUWIzT1ZWVTBRTXJVNU1EVlVoWGtPNHdaSFdRQkVZY3hUWGNTbUtXTzliZDY1R2V2bV9WOE5RWWhKRlE1ZEpJYXVlelpQRTloV3hkUG4yVWhaVlBIZm80NjRxVDc3SGxFeVJTSGdOYVEyNi00OTVRd0JNUFVIekhQX1F4NXc0d2NTc3Y1N2FYTkwyMXFQN1NMVlXSAewBQVVfeXFMTmxMZmpGZmV5LU9SQi02Z19RNG9fWENXcnBETDRtVktYb05uQ25KcFJ2dDhYV1NuTk9HMUV5TzFraExFR1RvRHdfMFlpQi1qZ2Nwa2pfSExuXzZINW56d29CY3ljRTh2eUR5RWU3cUtiLVBkc0ZaNWZtcmcxd0h2TXNHUHVFSlhjOFNXTi1LeC1TbDZTdjgyQVNUNUJtVXhWVTUtMmpKQmZUQmxLUmN2YXpISUEyZVk0Q0cyMnlWMlA1TGthdEwwMkt0ajZzRkRZTkozeUFCVjBzdE9RQjQ0MHFqeTNCLTFseFpOQVA?oc=5,2026-03-18,AVL|SAE|BRT|IA|monitoramento
setorial,Prodata Mobility Brasil,5,diariodotransporte.com.br,Prodata/Mais Mobi inaugura nova sede no Rio e consolida a maior plataforma de mobilidade urbana do Brasil - Diário do Transporte,https://news.google.com/rss/articles/CBMi5gFBVV95cUxOc2dsYTlDdUc2ZWVyaEtfLUJRaUVIcWxCb1BpTS1NbDVsbUYyVGlmNkd1cU5ybHVSd014NG9hWkJBUTZ1UW5JTFF0bnRZSmc2NlZZNzBmNnpydmpJWm44RjhqOU9oSVg3U05tOExjdmZqbFF2ZzlBOGN1dzE1cThYVU9kcjBLWHd3V1oyMTdwOUlBOWZaZVkxUFJnUVNLSVctY2lkbVpSQkxWLWh3TF8zVkZaRW5RdjRtd2kzZzZEVnh0YzFYLU95ZS15V1MxdVVYaHJyYnRxaldUdDUzSlRlZ1g5eHJuUdIB6wFBVV95cUxQYmswMTUtYy0xRUVtZTJPTF9mTldCQXZNbkpQWVFiaW9mTDZxeW5qLVQzMUItN3pXUDFLcnRMQ29xeXhYci02ak9PT2tzVy12cHY2YWZPcFBsczNsakwza3lmSm5KbXMydEpqdmhOR2dsZ2ExNWVsTXR6T08xQkVieEFDV2owNmtlMUFoSlVDTjNJN0dyM0o1MUxLZENJQmc1MXNHT2w1cGxLZ0VraWtSaDdHV00xaUFGSDVFcnEtc3hnN1IzRE5RcXVhRF9hRmM5N0o5VXdvdmxlWG5BdGVGRHVDM0JTeGpyalp3?oc=5,2026-07-04,mobilidade urbana|IA
setorial,Prodata Mobility Brasil,5,diariodotransporte.com.br,Muito além do Brasil: a trajetória global da Prodata e a força silenciosa por trás de sua tecnologia - Diário do Transporte,https://news.google.com/rss/articles/CBMi3gFBVV95cUxQMUZPaktXclRpOF8tYWl0N2xDR2YwaWNuOUhWOHlSM1Rhb0hHRThxajZyMmVQa2NXMzVrSEduS29MQWRMb3NHTEkybmVwSzlNdm5BRzFBakZRWGxVck9oQWlvRGJ4elBOTHExTWluZk96OWhKQWxycXo1US1HQ2xPS3hpRXpmYWpwbmQtY3ZKZS1ranR2VTJVdFZkWXc5VnJ5U3VVZ0UwVTZBMzFOV0M4QTczUTVmdFpVdDVOYmFNVjRrWDZXdFU1YlBFaWhzRWZ3MTFsMmJma085NFZ4YWfSAeMBQVVfeXFMUHBUX3BLR29jYWpCbVM1VVBkSG1Xd2JTX1g1SHZ2WjNDNXdQYVAxYjFndlgtbjhnNld2OW15Ri1ILXpzUzFhbUlDR1dxMlFIb1VuRG9fc2hXbjh0Qkk3ZUphYUFINEJrZWNpV05NeFVZMXAwX1ZncDZwNVJvX2gzbnItMmczRzZrTHAzdjNFTVEtRHZiTFlnUjBSby1aV2FaZHJTZVFSUDAyblFVckhfVWstZzhNc1BaYzM1YmtUZnBxd2p0eDZHVVJybFBaZGs5ZDRyQzFZOGcyclpzOVkyOW83V2c?oc=5,2026-03-23,SAE|IA
setorial,Prodata Mobility Brasil,5,diariodotransporte.com.br,Prodata anuncia parceria com a Mais.Mobi para consolidar liderança em bilhetagem eletrônica no Brasil - Diário do Transporte,https://news.google.com/rss/articles/CBMi4AFBVV95cUxQelBzaWJnOVZPbzkyY184MGZ0UFpTYThkX25Hd3Y0WlJNaDYyeE5hMXJpNmg3OE93eUlUYWE0bjNKcHdCeXJpVFNZVUdEUjdVbUdreVIyVnRZSnBScDN3aEJWTzRRUkJoM3d3U3ExdEdaUlpsdHpTdzdxOHEtU01sWnp2Z1RlZ2NXZDc0NmdWRzB3UjlEeUpqell4YTMzMWk0ZFVyb3dfbVY2SUVURjZvQWdRYlR1Mkc1Wk1mdXhfcDZMd3pfbzJ3T2hHVnlsWktfdUtRX2tQb1p0OGxFUGotd9IB5gFBVV95cUxNUU9YNUZJVmJ5bXpoNHlNRVhiQ3VYMEhSUjFOYVJ4WEdFbFpVYS1fVmhsc1FIVF9PS1FmeVJhREhlUzdER0ZGYm41SnAyZkJEYXdhQkJ2dzJKRVVZMms4RDZ4OHZNYm1kWDllSHRGNG95UDFDM2Z6ZGtKRmVFWE1QYXBiYVZzejVWcjRKVjM3M2NCLWVNVXBrbE5wdFgtOWk3bE5NMlFsZEl6R0FzajI0SEZGelVmYmhYdG1kbUVXU3NBdlpWLXNneEF3QWY4TE5JZlJFVmpOSE1nR05FUmhnNkZ6d1N1UQ?oc=5,2025-10-31,bilhetagem|IA
setorial,Prodata Mobility Brasil,5,diariodotransporte.com.br,Prodata | Mais Mobi apresenta novo ecossistema para mobilidade urbana no Rio - Diário do Transporte,https://news.google.com/rss/articles/CBMivAFBVV95cUxPLUFNbklwT2luTC1FVlpQX1liSUM3UmVxTUJiS1MwTHBQb0ZqX2RIaVdPdTRySnBGQnpWVlI5cW5PY0d1WFF3MWU3ckgwOHAxUFUxbEZWOGlSWkV5OGkycjV1VmM2dW5YWnA2QlU0QzRWZFlBWHR0TjlUeVkteHVYa3lDc2M2cjdES3JSRnhUUTBWOHNkTXg4eklra3hKSTY1MTd4czhUX1RkTndCcU1zUHc5RHV1TERHdUdTWNIBwgFBVV95cUxOQW8teDZaUC1SQkhqYXpJOW94M2tWd3ZBakxSSGlNcFVlRFVHZUIzZmM2RzZiRGN4bXlIRHRBcGo4ME12ckxSSXRvWHprNkZfcWJyZFFMakY1allhalJpR3BiRWRMaHUwZUM4ZDl6cTRrNXZFdTd2Qk5QWTljLVl5WWZWUHFfMlFIWjYydkJTSEpTRjJFbEUyLWVKdndFMllsbXh6SUNjaEJXZDE2YnBoZlpjYUpsaHBiNk1Idm1peTZUdw?oc=5,2026-08-12,mobilidade urbana|IA
setorial,Prodata Mobility Brasil,5,diariodotransporte.com.br,Prodata Mais Mobi leva tecnologia brasileira ao maior evento de transporte público dos EUA - Diário do Transporte,https://news.google.com/rss/articles/CBMi0gFBVV95cUxQY0V3ZzhvZzhNc1FTd3l4cTFkZ1p5cjNOOGQ5MDUwUk9wOURLNUtYZnBwb1dORTMybHRGZjh0UVExbU9RWG05S3JPVlhnZWtVWVR4a2NJSHJ3ZTI3QlVsRURxOVQxeEFoeDEtQzRnSk5Vc3Nmazg1QnlhUWRIX2llM0gzWE1hZm9UM0J6WWJlTzUyWmZJUWdONG5RNGxySHREcUZPNlhJYV9zeGh3eGlxX2dQTnQzTEFuSTBiMi1RX2JDdkV2OThaMmJxbWJGT0JvVmfSAdcBQVVfeXFMT20zVlVWLUxHbS1NemVJTi02RVppcmN2UUdRZWk5ZEdIaXBpa1NHYjFlYThzRGJRYktNcnRnQ09TNEJPaG03alplZkJidGVONjVtSnB1Z2UzQWh1SEFtS0pmeF9xdzdqS2ZfRlhCcGdKYm9faFdUME1FZWFBM015a0NSU1hLTmtjQ0hQOG1IbzVKMk5ZMlZGZUgtQnVlU1hKNDdXMzM2OUNyTUZZSlItalg0NTlVOWFheUN3MUhwUU1VVHU3YlJTcHV0RjlkTDkwQW1CVHNPSlk?oc=5,2026-10-09,transporte público|IA
setorial,Prodata Mobility Brasil,5,diariodotransporte.com.br,Bilhete Único de São Paulo é citado pela UITP entre referências mundiais de bilhetagem e PIX aparece entre novas alternativas para o transporte público - Diário do Transporte,https://news.google.com/rss/articles/CBMiowJBVV95cUxNemotTDh1RjRWWnZMRUxiQjhqVXJKcUxoZUhBUTdCQ1JITUExVDRQdWl0bWhKM3lsMFZkTFpSaDdhZi0zdjY2ZWRhMVRtQXFpcDNYTTNEMl9qRDZaZHBYUUFPdXFuTktrN0Q3a1JiZldWeERuaU1NOE4xbDlBMkFDMkVkdEtRbGFlOTloMUpuaFIyZjl3ekcxazhJX2xJSTdMWFFNUVotcnhLQVFoYzRSNkZ2LW1CNVJYNHF2N1ZYQWJ0OTliak03cVRyV2FVR1ZOYzNpYU15T2pENkJfaXNtdnJCV2JDYWRLSXZYT29fSTgySjNxQ0lWNFZyUGFJWGNKc3h1TnQ0Vk14aWUyM3dGaUxzbUl3Z3dhblJ1MUp0b3BwUlXSAagCQVVfeXFMUFBqQ2tjN3YwYm1oRW0zUTdQMzJVSzIwcUhjNmtzN1ptajhSTjJrZnVheEdPOU4ya1J2emJuRmg0dzBLTUQtTm1tTjB6d3NlNFdhc1FBZ1pBdU1OcHZHNmNsQ1NwSUJGa0JRX2hsOGxqd2UzaVBIc09CQ0YydWRqTkxta2lKY2hCcVNCMDQzMDR5ZDY3ZjJLeUNnOXVpR1VKZmlyLU5sN3d5dTRNSmJxdDFkQW95Q0t2enpONFFXb0pmUEEwcERkbHJncXQ1Uk1WRWdSQmtFak9YV1VDNGpnSXQ3X1MwRkNCT1hjb0k5UmlYd0JuRnVVQlpaM1AzWUxRa2FjeVVuUmlPZDh0SGRXQ3AzWnBXY1MyMzhybjF2eW0tZVp3RHBMRzc?oc=5,2026-10-10,bilhetagem|transporte público|IA|PIX
setorial,Prodata Mobility Brasil,5,diariodotransporte.com.br,Tecnologia da Prodata impulsiona novo sistema nacional de bilhetagem na Dinamarca - Diário do Transporte,https://news.google.com/rss/articles/CBMixgFBVV95cUxOdG9GdXRoU2pWMnBsVERubUdvMUdwaHRWdmMwbDRLc2JCdEpaUFRZeG96aFdBSk9HU04zNUpEM0V1Q3piNkxXajM0OTNuS2EyZ1NKSnQxVHRwN0xIdGs1VHBqZWdGdkxVNVBhczEzZWdZSVNkRWF6aUJFckVsOG1NXzlGLUdQYUdXbzVfSWpKb1BWR2FwVzlfaElVeFFOY1F0X1NsYzlNWVpJQXVUS3U3RC1QdFM2QkRMOGtJVlBwX0xOREhwakHSAcsBQVVfeXFMTU1mdkZ4aXR0aDFYRHJhTU9PQXMtWWtpaHN1RElmRGFHb1pNblZiTWRnLXJtb3A4RDFaRVM1QkRlTkZZdzBsWER0bkFmM2ptcUNMMG9wX3phTDhyYmJYekVQandsQUhJdlR5bFpZZjN1V0RyYTY4NWZrdVZpOUdsSEJ4UWFMcmVQSFh1elJMeXJ4VnBVblZhcXp3RnRlUzcyYmFWZzJfcjVOVkNwWEM2RGNDQWw0UU5ZcEN1cUlUU3hyZWRva2pwb1dPbmc?oc=5,2026-03-18,bilhetagem|IA
setorial,Transdata,5,diariodotransporte.com.br,"Parceria entre Transdata, Prefeitura e VCG leva Carteira Google aos ônibus de Ponta Grossa (PR) - Diário do Transporte",https://news.google.com/rss/articles/CBMi1AFBVV95cUxNaE14aFY5T1BjdGlSTmRrM25oRDNodjdSYldnS2daX2g4MTR1S3lpWXl2NXUtdVFuMHZ6MVJ6Y2Z3cTB5bGJiLUNScVlqOXdSY1kydWdhdDBHelFsQmkxbXR2RVJveWxRWUJxUFZ2cjZZb1ZaQ05FN3lZT3lqNGtNNG55MjZmdTFLS1pVTWNxSkdBa2hRRkRzWTZOSlFIZlBsbmxWY1BqY1RWUEprdU9XakZDS2s4QWpVMzN1LVJ0SUltaExMVVEycWdNQU56clB6UmtZT9IB2gFBVV95cUxPd0otM2gyaWdJd0FKUkxxakMyS3J4SXlTeVRGMTNtMlYtNmdZVThnQXJTTVRLTDBTZVBSMlVOQV9ZZVhzQjRpa1hfT3pNdlU4Q3Q0azJKTmVsU29RaU13ZFhWU2p4VTBrZ2VNTDdxTjBzYmFTNWVnNzVpaU90dmpsdDJsTFotVDNPRkN4MlN4RndScmY4MXB3ZUNSS1JVM2ZSanFjX3JfMkNCQUk3akdQNDZpZ0xkR2F6T0gteVIyQjU2TzRPS2M1dUI0NEgxbEZWcjFjdjM4Z3RRQQ?oc=5,2026-01-30,ônibus|IA
setorial,Bus2,5,technibus.com.br,Lançado o primeiro app de mobilidade do Paraguai com tecnologia Bus2 - technibus.com.br,https://news.google.com/rss/articles/CBMipwFBVV95cUxPZDFMRGJ3VkwyV25fVGV0bzIwbWtZYm1hNm5qU2NtQkNjb1Qxb1h5Tm4xN1RIUEZTNHFOc0NtMlFsUEZIdE1JZU1wSjV4cVZ5a0w4MDZrMk9YU2xuOTZaODZoT2pMT0xFYVlTUHR4OWFSR0FzN1QyclhKRWNGZ3lZMkU2YzVtb1JtcXhTeTVvZy1KSjFOYTNOaF84MklPU2hGZUlIdVI4Zw?oc=5,2025-11-25,IA|app
setorial,Bus2,5,technibus.com.br,"UITP leva à Lat.Bus 2026 agenda dedicada à eletromobilidade, BRT, tecnologia e financiamento do transporte público - technibus.com.br",https://news.google.com/rss/articles/CBMi4gFBVV95cUxOb25JZ09ZSHh6bDcxTzBhNnZ0Yl9jMkpFUGtzcExScS1hV1B6N0M4VFh3TkhxTG1BY3c0MFFldnJQYy1WVm1BS21rZ0FIS2psTGtSc1ZyRzFKcGpsdERGUTU3SGVSOFZzWlotUTI3QjM1ajBRaDFzM2p1TFFWZ1Qtb19LdFl3WjhvYXNoYjlsSDVtcDd2Y0x2N2RySG1RVlU4SV9LelhTLU1YS2ppMzBpNEJucnJWaGxQVVk4aGFBdDlpeUQ5RERSdnRuNFk3M3ZKQ2tIWWlSeVJVaFo3WGNLS2Zn?oc=5,2026-08-03,transporte público|BRT|IA|GPS
setorial,Empresa 1,5,technibus.com.br,Florianópolis adota pagamento por Pix no validador dos ônibus - technibus.com.br,https://news.google.com/rss/articles/CBMingFBVV95cUxQZ0x0d2xFaTh5bXo5dFBqZEZBVlZ0NGRLeVdMeUhPUUQ2eTJBdFA1MTlQajJsdlRhZGFma3ozeWVzWHZodE5qVU9ZdVdmQ1I4VmRMN1JUUFdseC1INUpFQnozRzdqZW5XU2NCN0wzM1NZZDVXeVpsQWtGd3B1cjBSS2lpa1FsWHJ0ZmxEZ2x3TlJ2T3p5LWpVWERXanh1Zw?oc=5,2025-10-22,ônibus|IA|validador|PIX
setorial,SONDA,5,technibus.com.br,Sonda apresenta tecnologias para transformar transporte e mobilidade urbana durante a Lat.Bus2026 - technibus.com.br,https://news.google.com/rss/articles/CBMizgFBVV95cUxPazNGSk11U1FkTTFqS1hfVmI1akRnaUp5R3pQTTlKRFBwN0l1bEdOUWFyNXp5SGdZbm1MWlRSMlE3Z0NjWnVhbzA0U0p1UzNUVG9VeFYwUHE4UDhuT0VfRUQwQUdQNzJYX3p2bkVaOFk3QXVua0xpZ3c3RTA1aWRoanpDeXpKS0ZYTTR3b2Rybm1SOG5jRTU4eUcwZkxsMElJd1NmVTF3Z3lTNEU2bHJTZDFZUEpycU1Ha0ZtUVhrTGcwS3pwdHE3ZlJEV3ptUQ?oc=5,2026-08-10,mobilidade urbana|IA
setorial,Transdata,5,technibus.com.br,"Tecnologia e integração de sistemas redefinem o futuro do transporte público, aponta Romano Garcia, da Transdata - technibus.com.br",https://news.google.com/rss/articles/CBMi3wFBVV95cUxOOUh2OWs4a3NuVVJlNWNwRThlamNHMm1mbmZBOUVsYkxUdGVxS01Sc1I1ckxJS0JaZklvWTlqWTRaSzlKUEJMbHZKN2dUTHA0QTRTMGctLXh0MEEzamU4XzdIc1kyeGZOaGVTS0RnRnZZSnN3NGZoNHdKWUQ2RURjOWJld3BTVXpjTllXZEZreFBUZ2dLMnFEbmJCWVZhS3ZlTXhaMjR0UkhRcDh6UURIRGVmZXlZeVNRMFIzdXdxWm54Y3dkQVVwRGQwQXlnTWtUNTE0YVRWazRkYjN1TmQw?oc=5,2026-04-27,transporte público|IA
setorial,Bus2,5,gov.br,ATLASMOB - Aplicativo permite que passageiros façam recargas do cartão de ônibus via Pix - Prefeitura Municipal de Boa Vista,https://news.google.com/rss/articles/CBMiygFBVV95cUxNYmNHWDVTWXNRVGpIaDBCRkZEZ2p5SlI1YnM3ZWtwWVE0dGdFWEhYMkh6T0FmWVdmY1FyUEVReXBSTjlJcGRXM0tTX3FaeG5Rd1N1WVluX3NMZEZ2bXJVTEJGQlAxSlFjQS1NcExlQmk2QzFYWXhJZ2NqVEdmMGczenZNcTRhRUlZNnVtWW5zQmF1dEhPNGNjdXotazF6U1hjUnczVHZkOTcxMlgxdlMydHB6Q0dzWEdrMjdBRmg0cFpjRXZfc0VGanZB?oc=5,2025-11-13,ônibus|IA|aplicativo|PIX
setorial,Cittati,5,gov.br,Prefeitura amplia acesso à informação no transporte público com o Cittamobi - Prefeitura Municipal de Ferraz de Vasconcelos,https://news.google.com/rss/articles/CBMi4wFBVV95cUxQaDJEQWNYT2YwTzN1X2VHRWg5d3BtMnBpcFR1dGszc2NteHJGbGdDRFZZYUFVbEVnTHNHR0ZnTDRRcDlkVU0zZEc0cjZJUGJvSDNUQnJXcGo1dndhWThIc0RpajJjeUV4UTdWUVJEcDhrbE9wX29La1dvX2lHRGVGRV9IUEQyci0zRlZPVG9rRGxFZEpMUEQ0d3d5SU5qbHF1c2NHQjVXUFpub3VBcW5oSjI4NmEtZVIxTGxUNEswdVo1RFFBRlgwMDM5bV9nODR2Z3ZnckpqdnR2dmpVa2EyWERWSQ?oc=5,2026-08-05,transporte público|IA
setorial,ABtec Mobilidade,4,diariodotransporte.com.br,ABTEC chega para fortalecer a tecnologia brasileira aplicada à mobilidade - Diário do Transporte,https://news.google.com/rss/articles/CBMiuwFBVV95cUxNck5JVGcwd01SR2dTT2tyNEtGZnhoTGZlZWZHTzY0TFdMWVp3QWlTSnk3ZFIzSDZOWW9RRzJrM0VqMlZKRGtnTXd3WUJBSW96Z1VsdXh5alU5dmJtODA3dmxnd0lJV0E5c1hWNmJhMTRMdmZ3Qm1hZGFlU2V1aHNWdTNZOVR0NDhBd3UxOHJONWNNMndiVElSS3VpcGxPanlFN1BuS0RQRkpkdUdMX0VxZUNiaHJEcnNaZTRR0gHAAUFVX3lxTE9TVVAtUTQ0TjJrRm9xU3VZRWtGT2dzMHlIUXhweWExTVByNm5nWUo5cFRDN2lTems4eEhJQWc5QVJYb0QyNzFzZjk3eFBKc0VwV1FPc2tGRndFTVlpNnhaQVJEa0Z5WUJrbjJCbkMzVUZaQ2tiS1FUMHgzbUZhS1JKa21DNnhiU1hVYllLYjA2Q1MxN3ItcGNrV1hHV3dhZlVrTzBmNnVmOVMxb2VKaE14ekp2b0lGaTVwcXRqQkEybQ?oc=5,2026-08-10,IA
setorial,Cittati,4,diariodotransporte.com.br,Parceria entre Primova e Prodata permitiu à SPTrans inaugurar ferramenta que amplia os modos de pagamento - Diário do Transporte,https://news.google.com/rss/articles/CBMi5gFBVV95cUxNS19aLUZScklCa05FM0x5d1lnTDFZakxBNEwwcVFVVXB3SjgxZFd1dl9YWWFTYnRoWjU0Y1o4dm1XSnVRelgxa1JienNSSF9jb0pzTEtibnhfeWxQNGg5Ymk3MkJqNUNFTzlyZEdhdmxNN2piTVZybU9GS3RScElhTGVpLWtCQUxHNGU3U0dVSWRnQzI4V1RRa1llVk5VVU1JYnd5NzVkVVRaT2pFLWlCVV9oMDFYSng4VmRrZ25fbHpENm5lVXdCeThScm5OWGdzOXpHLVk0WkpWVWM4VFRXME56ZFpqQdIB6wFBVV95cUxPVDJqNnVnYi1QLXBKaUQxRmhFV3BBS2hGSHRuYUlYVHdLUXpNU2xud1k5eHhwb2NLYnFBVWJRSDBhUVZsRl9odlVhOTBYcW40U1pyeHZrell1Z2hzcVltNzFhSkszV2VqMmotemV2U0htY2t5dlQyUE5ORU96M2F2cFplRDAxZHdwMnRUUFFpQ01sY0pTMjJyTTc5dUdvc0NkeVkyNHNNdmV5X2NUbHQ4MnFDNUdjV1ZhcDBqR2RmZVAyNS1uUVp3NUZwSW9UM2pfbEdPeFVvTzlLYW5qZ2Z0T29OaDVGRTczbGd3?oc=5,2026-01-16,IA
setorial,Cittati,4,diariodotransporte.com.br,"Com investimento milionário da Carris, Nortran e Sopal, Porto Alegre (RS) tem 44 novos ônibus na frota municipal; previsão da prefeitura é de 100 coletivos zero quilômetro até o final de 2026 - Diário do Transporte",https://news.google.com/rss/articles/CBMi0gJBVV95cUxONnA5V1oyQU9uRXF1M1pKeUp3b2o4c0M2MUxHaGVCOW93T0xKRmEyc3FPRDd4SGtURkkxcEFqaHl6VUE2aktFcnFzM1JTckpDeVg1N21wdjhhLUtIUzVBZ2N3RHhhVWwwdnZjaHNZUnViT2JFR2dKRjFKcjRqYzdnTUc4RUV1QlBCUjNGd09DSU9PSTZjRGlGQkpJa0t2SldoUWdmajJMTlcwcHlsRmE4c282QWNFWm0yX2VIYXUtcFlMa3Zvd2NrZW5BdkRXRnN3UjFGRHVUd3BGQkRfRFJkLWVjTnBnaWplaGRheEROTC05S3ZFQlZ6Y2ctNkdfOWhwYlRobmpUNy13enhiZF8zWEY2X2ZNNmZ6RkVLWk14d29HZXM1UGxEVld2Smh4UUhPOFZkVkZ3MndldUFhTnRjZldlRlQ3SXpsdzQ0ZnIxY1dMZ9IB1wJBVV95cUxNVDZ4Y3ZHSml4ai1xWDY3NS1jenRqRnBzTy1fby1HSnVYc1pqM1NMQjkzNm9peXZ4NFlZdWhEVldMTUtHUFJPWWNQd0ZfZEFrekk2TVFuUG4yamJ4NWpDa3FRM05pN0JmUnZucEJhWFNBQk9xdXotR3VjNlQ2TkZFSnlZRG1zYlpfemRnc29xTkIyUVZzMkNGTV9ldmlvTlBvUGRYb0N2VmswTGM1T1RKMjNsYzFaOTJaV2lUeHRrY1JUMVJBM3dKeG42RGNJdFVSbUx4ZFRLd3J2a2JTdXg0N1Y1dzFlQWU5Y3JOT3RFNFRxSHJIakdFZ2FaT2lXbTE1cFZOTkc1SkdTZnMyLTA2RGpvdktZQzJjcEZGc3VnR21SWU9PRWs3R3Nhak9HZzdJYllPdlNob0hqeG5MUzMxT2ZRMkJzMm5xWXZPR0M4NWdXSTV1UkxZ?oc=5,2026-04-02,ônibus|IA|frota
setorial,Cittati,4,diariodotransporte.com.br,Diadema (SP) inicia sistema de pagamento por biometria facial nos ônibus do transporte público - Diário do Transporte,https://news.google.com/rss/articles/CBMi1AFBVV95cUxNU1RQZy1RTHNybzZuVjdGd3plcmxQdzM4a1R6RnZrZmNrcm5yeVJHM0dzU3RacDBlYmVjXzdiM2piVV82Nk9tTVQyaER3MnpzdnNMV011MEZKY0tscWtJdEp0NlB6ZW9PVzdRenJ0eFMyV09kd19FRXFOaXBmeGVqeDE2d0JvVmhYSklOM0diZTRUcTFtUWs5YnpSQzJZNXBxME56QTFrWGhNNnRKTmc3TU9nYUNMc01yWExkaHZiQUJqZ1YwTTdjM2NmMmdQYnVYNzR4SNIB2gFBVV95cUxQemxOMmZsQko3Q3F4bGxfZWdpOGNqX1F1eEZQWkgxNDNWYmRPbE1vc2syR2FSTzlkRG1FQ20yRzN6ZENWbnAzUFJtSW9BTlFzUWN6UXZkQVlGMTlGd005V19zc0RQeDBtT3JOZ1NJZVM5YzZpcHdPUmJ5b2toUTR1YXNzSjB6VGZtc1JsaVdDMGxTUTBGa3RWNmoyZ1lsaG1pZy1hZGUweEktZ19tczhNV2xDU1RUN0NiS3U5cjd4MFRnUUZWZ3o4ajhNVzZzUlFsU01SWHhfTXloZw?oc=5,2026-05-08,transporte público|ônibus|IA
setorial,Planeta Informática,4,diariodotransporte.com.br,Grupo Comporte no urbano do Rio de Janeiro: Prefeitura publica atas e lances do grupo de Constantino causam desconforto entre empresários de ônibus “nativos” - Diário do Transporte,https://news.google.com/rss/articles/CBMipwJBVV95cUxNRTFxck9xSDZ3UDBtUG1HUDNxU19SZXdlYVBXOXB1THZoMlZlVGllWlo3SU4zcE4xWTFmYzhWa3gzOVZPV0ItSDV5Ny1RMzJBNW9Uci04Sl9mQ1JvSGJIbmhRdHhxU1pXMVI2UGI5blpaenloanBoNEZVZWZlODFsbkZxUk1MSVZrc1pMcE9nUkdKbzNrV1M3ZGJtc2VMNTZzamd1Z1JzNFFfSGQ2bWtQX3c1dmI4b3VIaXRhRXdCUlpxZkotaXdqSzBDR09IeUU2Z2V1Vzdnc1l3N1l1SHpTQmlwNzlHVDNqMlhtaG9NQV9lSXM0Z2ppa2o2b3p6dVVjWUxmbHRCeVlvQkZNZmxwRTJmOHNZUzhubkFNQkpfRE8wRjNQNGJn0gGsAkFVX3lxTE5ET0JTZTFjMEMxeFlzWXFyWWF0bllyaDRVaXdKamdsMWI1QXpCRWhkT3ZYcE9nVmI3SVN6cHN6OE95RU9nUk9kMjB0bVpjeklXa0lZTG9VZmcyN3VPMEFwbnBvYzhQVThtZXdWZ1lyOTR2eHdZZWpuaTE2WUFMUUktQVpRUWVnbzg0X3BveTlMcVRZU1NPLUFwa05QT0pUMGJRaVZtNmRjUHd5ZG4tUUc5anhFVmQ3QlhjVmw2WXd5T0ZIcnBiZTJlRFAzUnZ0bGxQaHM5SHBjNkQta0RPYWo3aWlUVHBHTjhMWlFDNHZyOWN2ek5zUkdWaFQ5WTF5M0hnbVBYQW55OWdvR1VhS0hKWVFfSWZ0eUl6Y2tBNFc5UWp5UUp2NjJhMXRsOQ?oc=5,2026-02-09,ITS|ônibus|IA
setorial,Prodata Mobility Brasil,4,diariodotransporte.com.br,Prodata | Mais Mobi consolida aquisição e amplia soluções para a mobilidade na Lat.Bus 2026 - Diário do Transporte,https://news.google.com/rss/articles/CBMi0AFBVV95cUxNQlByeVIxV1VLNC1fd21oX29WZHVPbDdoZXdoeDlVaWs4SmtfTGE1MHloVzR2cXBDOHB1dmxPcHcteUp5eTFVYXh6LXNzUEJSaXRacW9nMzNjYlNXaWR2dE5RYTNVWHZMNGtwVFY4bWl4eHpfcnpLR3VoQkhTR1gwU2R5eWpkbTFXM01TdXdEWlVBU0ZVZVhHc01vS3VZYVlsbl9SNmZZbExjd2NJbkVEUktxZk5ya0NxazREMXVWcUdNczRzSUtUWThOZFNMc2dx0gHWAUFVX3lxTE45RFhZMjdoaXdZbGdJX25IeldQUHZrNWxVRnJKY1FNYXhMZ2ZLM2ZvTWVCaTdad2Zucnh5Z25ib0RvSUJaY3dHWElGRHRiZ0VHa1BlTERrekdWRjd3dnpEXzM4cXZqbTZ1M3pxUktnTm1RV3VPUVZzNHRfZ3BraTRSSV8xWU1Zb1lRX19sWV9nN2FqQ2J3REpmRzZDLUk1SjV3Q2pqMExQaVFJUmR3elFpNWNHTHhqb3BWWUdQX3RBUXpTNVk4bF9OSlQ1QVY2ZE03RkhLcnc?oc=5,2026-08-19,IA
setorial,Prodata Mobility Brasil,4,diariodotransporte.com.br,Mais.Mobi estreia no Smart City Expo Curitiba 2026 com soluções inovadoras de mobilidade - Diário do Transporte,https://news.google.com/rss/articles/CBMizwFBVV95cUxNaFYzSUZqOUJaVlZBVnFiU1JiTVdvWjBiVUxzUjdJQTBsR3IydEJqb1RlZno5RDJtbE0wOTgwaS1BaUZlNURMdlk3UEpkLUlpcWF6anU0aWduSk9PZmViX1VSbFRCOXdndlV1MnYtVmJjdllXSnN2QXlqcm1OVGdLRlQ2aUVWUUpiank2NnFDb2lXYmRTLWZVREFXU0R1RnpHekx1dFRUa3hGOEl2cGFYaFhBN1FBSlU1SXYwRGN0Mm1XblVUSWl1M0JvMEd3SmfSAdQBQVVfeXFMUENkNklZdHIzTThkUnlKdENLdmdLN1BucXozczc0Y2V5RHZIU3NqVmhCbUFvaU1nbXFMWUxmTmMtMExUZFdkYVRMTGdWR3g1dnVpN0gtSE9FU180a0tlSWVVczN3TEhFSkNUajZjNkNXanF4VWw4ZmY3WTdxRnBuY08tRzBMR014LXZ5M0pSU1Ryc0dibVp5LW5EMEdUdlc5RVNNeGVnU21fd2ZKRG81Rl85WF9KY3VUcWFBb0hWQ0ZJQTd5Y29pSlN0M0tjVldFby1ERVc?oc=5,2026-03-27,smart city|AVL|IA
setorial,Prodata Mobility Brasil,4,diariodotransporte.com.br,"Aplicativos são usados por 76% dos paulistas; demora do transporte público acende alerta para ônibus, trens e metrô - Diário do Transporte",https://news.google.com/rss/articles/CBMi7wFBVV95cUxONEx1WFVqeXdSWHEteENxel95LUJVTklOcEp1cU9WRjdsaTJNVGxmSkhvTExJNVIyNXp1d19ObTVWTDFZS1FaWERtS3BuNDM4TFU5b3p2SF85NFhsc1l5Q1NxN3FIc0VKRlUyQkwwV0sxbHA5bEkxbFhJdkM4SE5meTBqa2xXX1l0QV9oQ0RxbF9VWV9TUnU1VjFJRE9SRmdZdTB4SzBudmt0Y2VGZlVidHZraGNiSGF1anQ0YWlaWUNoTjQxQm1PX0NsbC1fUzl1X3ZXWUVicUJEZThHTnJ5aWFhVHhtYXRqOGRmR1RuQdIB9AFBVV95cUxOUlJ3SDMzNl9yTnc3LWRNaFJ1OVBCcTBSbkYxNWM1aWVnazFJY3JkcWNvLXNabjQzRGRVNzZOcmJjZmc2R1pBaHo4R1h3LUsyRlV1SGFKbGRjcGM2bXdXY08wbXdzTk93OU9nZjFKNEVtQ2NFZHJPeUt6d0tpbU5ycUlxYWJqdVpJRmI0YkVQc3BrWVFvNU40dmppamJyb29kWXVCSjVtM2dQSVl0M3NyLWdGZU1fak1WQjZZeVFfNHBkcW9jY2xFTnpXVHJmRHRDV3NmbmsxQnpMWk1uVVJMaFhROFhzREQ0X2ZTNEZwS2F6Qm9f?oc=5,2026-10-09,transporte público|ônibus|metrô|aplicativo
setorial,ABtec Mobilidade,4,technibus.com.br,ABtec Mobilidade nasce para dar voz às desenvolvedoras de tecnologias e acelerar o amadurecimento do mercado - technibus.com.br,https://news.google.com/rss/articles/CBMi7gFBVV95cUxOWmFsX041emJEUFpKa3hMbzk3TWxBT05SdXFTVDNMQzVsNjhNRzJ5dUlfemF5dHRZUVg4SVdDMEgzOVA5SUxjRnZOYWtwY01EUXZWODJxWVEtOFRmWHBwc3dFdWxfemNBMGRHV3BjemVPVkRCMWNvdktmSnRhV2tUb2tMelhBWm5MLWlIZ3FKMENzUWdkUmZQOU1EaEo5NDVPRVA3MEJrenUtV201Q1U3bVBRclBsbjJRMWpLUmlSR2xQd09iVjBwMm1jczdSZHZnbkotZGlKNUxEVTVCd1VoQ3d6UHpCZjdRMlRLcGZ3?oc=5,2026-08-07,IA
setorial,Empresa 1,4,technibus.com.br,Pagamento via Pix nos ônibus avança no Espírito Santo - technibus.com.br,https://news.google.com/rss/articles/CBMilAFBVV95cUxOY3N6dDlRZkNJT2NGaDRHOVhYODVkaWNCZ0ZIV2NLbHBwWjJvMmEtejV4cXphY2F5UE9nbHp6dTRsX1JqXzhBZjRCNk5EdDZiTDlmTVdPZm9DbmlnZEFrTlhTcGJjcFd0TVZxWjF4RDF6ckI3V2ttN216aHRnNHpyRHhzanB0SGZmbzlYeDlDMjRQYmpy?oc=5,2026-03-19,ônibus|IA|PIX
setorial,Prodata Mobility Brasil,4,technibus.com.br,"João Ronco Júnior, diretor-presidente da Prodata Mobility Brasil: inovação, novos meios de pagamento e parcerias estratégicas marcam as perspectivas da empresa para 2026 - technibus.com.br",https://news.google.com/rss/articles/CBMiqgJBVV95cUxQdHRxa2Vta19Wbm9KNk5TMDk3RVlmUnNUWVRBQ1N6czZiWHpueU11N055T2wydE1iVVRzSmhfVnVXeEhWNnFyaHM4aUc5OENNMVBJLUFDSHNpaTBDa0d4RE1sUE9KVzI1S0NKV0lERzhTSGUwRGZWUEFQLS05Z0FrajVKV3R4MzdUNG9GanNLOWxYdXZFY2FzeTZpM3VlU1o3cEtuc1JVc1FncGx1eUJXaFU2Ukw1VlBWbnJONHJWUDE3M0hQUThVWVVpYm4yc0xYYndmd1RkaVgwRjZZcGJtRVJSYjByMmNLWUh3Ui16RHRndmsya3JHTTMwYkRSQUU1NngtaWpkaXowZFBNUHdnUEV2UGxBNkdOOFdvZF8zSDRIUUhzd2JtbGtR?oc=5,2026-01-21,IA
setorial,SONDA,4,technibus.com.br,Fortaleza transforma aplicativo de ônibus em plataforma de mobilidade inteligente - technibus.com.br,https://news.google.com/rss/articles/CBMiuAFBVV95cUxNdGVOYTYxVHpLdl9sWlBPMWxjckFvVndtTFJxaS1Na1d2dnQ2c0p1bU1LWllBS1ZaYnl4MG0wTTgyNkFCdFVCRzFSNXQyNjRZZzN3WGFpVTJobGVNbWZoV1BjUHVnREdXeHBWSUxWdDJ6S0tkUlhOZVhNMTJzN1NSQU42RmNuVlhrV2F0bi1SSnhuN2wyeE1mWm5hTFFQRWwxSXpQeGZUVXdpZEJ0WFFRbG1Qa3lOLXVD?oc=5,2026-03-31,mobilidade inteligente|ônibus|aplicativo
setorial,Transdata,4,technibus.com.br,"Devanir Magrini, diretor de Negócios: ""A Transdata prepara lançamentos importantes para a ampliação do seu portfólio na Lat.Bus 2026"" - technibus.com.br",https://news.google.com/rss/articles/CBMi-AFBVV95cUxPR1RObWkyWnl2b0VGT29xa1lnTHdoaUJVUEpHNkZmU1hxejlNM1ZKLVNqVG5jZmpLS1FabUprck5jN3czbURFb1hSaDQyUDhKNWRGYklfUHFiZlI2REdtcTlvOFJOekh6SFpoVk5SYVIzdHg1S2pSSjRORjFNWkpwNks0SGNEVmVkdGFmZndmMmZLdUFpNUV0c0VmOUtYWVYzUmx2X3JMY3ZvVkc3SHRpdi1jaldqdkxuazktWUhhWnN5Rkh5cHpQbS1JNGVNeHNLdl9kLXF1eE5FbjhxbFktcUlqTkVsTGxnc3ZjYVJ6b1o0RFFVd25OOQ?oc=5,2026-05-08,IA
setorial,Prodata Mobility Brasil,4,antp.org.br,Muito além do Brasil: a trajetória global da Prodata e a força silenciosa por trás de sua tecnologia - ANTP - Associação Nacional de Transportes Públicos,https://news.google.com/rss/articles/CBMi4AFBVV95cUxQaUczbG5RNk9yN2lYSHRRbzBZVFBRckRvYUFSUzMtTU84ZzdpQVZ5bTBYeFZpUnhHZl9RNHJraDhTXzhWRGhxRURpbFMzSTEzbmJVZ1Q4bW44eGNvSm5vLXc4anU2N21nUEx5WHhiQU5kdGtCTUxDcTlhMHM2cFBtRHBWbmdoN1lWR2lhSlNEa3puMERnSlRsajdRZU5mZzFnVS1RUkVmVW51MGR4RGJIU0NjRGs5R0tGd0ZCb2pmV2pzeW8tbGV5VWxtU29VZGNvLTBwbUhLbkJKVzRibzNEcA?oc=5,2026-03-23,IA
setorial,Cittati,4,ntu.org.br,"Mapa da Bilhetagem no Brasil 2025: tecnologias, dados e tendências - NTU - Associação Nacional das Empresas de Transportes Urbanos",https://news.google.com/rss/articles/CBMihgFBVV95cUxOeDliV0ZjbDZWOXoxY3ZqSEx3OGhhV09WRUgzb3pNaUY1anBfS245bnVyRDRKNXJzZ2hXcGgwQy1OckgtSjVZYmEtVFVkcFh5S0FwbmxiLVlMMHBMaUpiMGs5Q2tYR2VZN2x0cjFKOFl5YXNma2dYTUhhQkM4WDhEeGFKLUJkdw?oc=5,2026-03-01,bilhetagem|dados|IA
setorial,Bus2,4,gov.br,"No Rio, prefeito Eduardo Pimentel defende criação de sistema nacional de dados para mobilidade urbana - Prefeitura de Curitiba",https://news.google.com/rss/articles/CBMi9gFBVV95cUxNcUtweFdPeFhOX3hPVTNGTjV5T2E5TC1lcDFPMEVmX1ZZQk9VN2FYUWVjMU5vU2ZxdnUtYTNEVlBQdzI4NDJWbFZEZ0RuaVVvbjIxZjY1ZWtyYXpqdDNnZE5MTERhcS1DUXJrcWhQRnNSTXE0WTF1QVhnVHBmRUp6d21idVB1VXdRb0pqMnh5UzkxeGFMTk1iaVRUTnFNU2NUay1DYWtEVy1DaExlVXFHZG9fUXkteGFNRGhocXFyNEhqUlozTmlkZ3duUy01V1F5VEZGZkg1Z3hQR29WQ083WU5wSlZWdlFmWWFHRkVUVG1iUjhRUGc?oc=5,2025-11-04,mobilidade urbana|dados|IA
setorial,SONDA,4,gov.br,Prefeitura de Rio Branco fortalece atendimento domiciliar com capacitação em manejo de sondas de gastrostomia - Prefeitura de Rio Branco,https://news.google.com/rss/articles/CBMi4gFBVV95cUxNbUZ3am1lbExPNkN1N1Zpckt0Wmg1OHl2MkVDZ01mc1BBXzFwM0J2UE5PaGU1REJKQy1jdG05aV9ZT1U3ckJ3Y2FWWFYzbS05c2g4S3BHdlBLd3ZQU2ZXR3ZRVWZiRGJSdEZGVmo1TkZwZkI0QTAweWhoc0lBUW13TktEalQ2VkRFcGFlYlpDeXVfZDZfd21xNUlPUTdURUNQbEVjdUVTUzZyUVJPTnFsVGxPZlUzRVpULW03V29tU3Z6bUhzMU1SRlNFSkhDRGhJeW9pcHcwb2UtcVlsekg2QW9B?oc=5,2025-12-17,IA
setorial,Transdata,4,gov.br,Prefeitura obtém liminar para garantir transferência de dados da bilhetagem do transporte coletivo - Prefeitura Municipal de Cachoeira do Sul - RS,https://news.google.com/rss/articles/CBMi9AFBVV95cUxONzQ5eGJTS0Jta2RXTGZlY1FzclVJQm0yWk9TS0U5Zi14NVY1LTdQOUNwNTdtU3g4S0VBRE41U3ZUemxpYXRzbzJwUW5kYUlYWTFpQ1FJMXk0ZndBSE5QSEphdThmZDctd0FZRW9QdVVRamJVMEZhbm9GNHBicERMWEJFMWlPWXU0OW5UTTM4SmZyMTYwaFdMeFp4RUg2d0JIXzF3ZTkxRXE5MlRlQUlDMFhYY2RSNjl4bTRhTzc1RXJOWU1LSGdQUWloWVBPQ210S3dkUVRXTUVTd08zUzFZU0JRcDFRN2ZlWjRLN25TdUZOUTRi?oc=5,2026-09-01,bilhetagem|dados|IA
setorial,Cittati,3,diariodotransporte.com.br,"Cittamobi: mais que um app, uma plataforma que une passageiro, operador e gestor do transporte - Diário do Transporte",https://news.google.com/rss/articles/CBMi0wFBVV95cUxQRUNJTjhud1dYU2RjVDlaZjdHZkRHQjBBdHZPVFVvaVQ3WVJyN1dWVXR5WEdMSElOMzNFdkRIU05nazRRc19ZUE9pUm9SeV9RRDJGS3FRblVlZ0tnd2hucU1xXzNEb2I0WDVhWVlSZm1oLWYwM3NJeWM1SXc0REVlVHdCcE9XQlI3bVpRcUczRkY1RkFmaXFLb3FUOEpRZEx0T1c1NHhLLXM0Zy1MNGJWbS1zVVZMbU51akxOTnNIM3p4bVVyMThmLWhDeFBHQUR5eS1Z0gHYAUFVX3lxTE9Mc1lRb3doSEVrUmFRUV9jdW9CTnFjQ3p5aFFNdWhPU25FTmtPQk1iRjhnTlZ4UTRLdDZ0TFRjUU9DV1MxZjFXQmRRdVlIbmZwVGV5MDNYakg4TGd2cmJYZVd1SDUyd0hSLWlMMU1ZVXhCeGtSS2ZOZlFPOWVnM0NwSVRMMjVIWDdXVi1WU2dDa2trbTJIeGdLZzFiR29NRGdNclA3bHNiWHJ0NkdJRF9JMmE5S0toRHNmdnVIXzI1d3FNaEloRVF1X3A3d1RQN2NTWnVzaVFxdg?oc=5,2026-01-19,app
setorial,Cittati,3,diariodotransporte.com.br,Pesquisa inédita avalia cenário do transporte público no Brasil - Diário do Transporte,https://news.google.com/rss/articles/CBMirgFBVV95cUxQbmhab1RzVWFkdWZUMDZnbENZN2t1Rm9RNUFKejZnYnpZRG1EUndHM0h2TnhJVGFBRWlUaHQ4WE53T3RscU5ybXFIVG4zVWdJdEYzSDZ4SkJZX19pUE1sVjM1NzducTRwSEMwUThhNTI4NnJJNUk5TG8yTkItS3VQZll0OF92Skg1QUdiOFVpX3B0SGJfSE44YV82UEl4aDFYVjNidUgzd2EzTmdYZmfSAbMBQVVfeXFMT0RsVkF4T0ViSURDS2trVXVrc195NkZiSWQ5azE5YWFnOFVhTWFjNWQ0TU0yMlM0OHRhRWpxbHZEOXVYbXhYRS1waGg1SEFtbW5LNUJNcjB3QmFKTm9oVW5qRnhIVDRKSWJoX0M4ekZIV2ZNcWZLeU16TFRVVklTbnQ3V0hZUVdNcktiNmVQanNOaVVXWnJEazZoMkdtdmdYREtKUXBvVHhfR05XSjcxam9sWkU?oc=5,2026-08-11,ITS|transporte público|IA
setorial,Cittati,3,diariodotransporte.com.br,ENTREVISTA: Mobibrasil assume 100% do BRT Sorocaba (SP) após adquirir parte que era da CS Brasil e promete foco em desenvolvimento de novas tecnologias - Diário do Transporte,https://news.google.com/rss/articles/CBMingJBVV95cUxOUnJqdFhTYXpMRTdVbUUzQ1NZTTJDQU1CVks0S2hRVThaTWVJbU5tRFFFYzFfSDNlelcwZDRuWUJIaHRFOE9fNzB2VHNhLVN5bkxrdHJ2YWlmOTRVRWdPWG5jMWJmVHhmX2R3NTl4Zm9VU1ZwZDhWWEpTQzFoYUY1OUJJYVpEcVh1STRaaFdVR0tpTmYzN284V0tidzBXRjg1M1BEM2pmcE44bXRDdVk2RzBTdHNocXVxZ3ZLTkVMLXBiRUhxVy1QaTltSUQ1Mm5KNzJPOUU4bFk3NVhhaDJObVA3QlQ2WDFhMmJuWUQtX01nREtFWHo4bWVCeGU4YW12YVBnamthTnFwWkY0U3gzTEpXcGIxWnVQcnpsWnVn0gGjAkFVX3lxTE9DTGgtU1VzT3pWT21ZeGQzQXFndGR1WHJWaU91TUJxYzZZUFpHRGx2QkNyOGZTTW1UQnp0SEJ3Yld6cm1WanZnVGtLYS1Hd1lRQTVRV29CZFhhLWswMzd6SmRFd2Zudm1ILTlpb3RuVHJOM3FYbldhVDhLVlhITFNHbHR2b3lYX2trLTFtMGx1YUlfc3NGRjNuRTBPR3FZMk81cEN4eDFrdUJvR2ZmRzRocjBjdUxnaXpEeVhvWnRWSC1sTkU0cHR2UFhpdlk5N3VKcEhJRXpBbzVpaHIxNUFJeU1DSnJ1Tkh1SzFBSkJDRkEwSktZOWVvcGVZLXJ3NmhzaUdkQTZLdTlOaUY1VWlLb0hfaHdaZ1cwZnJWU1ZMSFF6cw?oc=5,2026-08-19,BRT|IA
setorial,Cittati,3,diariodotransporte.com.br,Três linhas de ônibus recebem ajustes na grade horária em Campinas (SP) a partir deste sábado (11) - Diário do Transporte,https://news.google.com/rss/articles/CBMi1wFBVV95cUxOb09wT3VKTklENFBmZnJIdS1TaW9FTmI2LVl1UHJmUlN3UUhJNjNKcGlBWE9wdGdhQWNVVERPWDNJNENtMjRYdnNValltRmdWc2dwSkJHeG5rNmRnMHVuWHM0c05IbnZEVmJLQVl3OW9kUWRRMHcwNF9XZkNWelhuRkY5ZDlfRkh1S3oxY1VzRENuSEx5T0VURnhoUDZnM2VDemJBNHR5VmxSaEw4c1NyaExFTXQzSk5FNUFvdzZrTWV2Ny1GdjJvbVBLaFlYMjFrZ1lkdWF4QdIB3AFBVV95cUxNOXh1Q0s1aUluTFAtQnZ2eTFIbEJ2YTlDckF1Q0lKa1djdVFBeDRMOHhtMmhGUHFqVTVwSDRFSllVRTcxRlhac2VHNV9seG0xS0pIbU5keWM0X0VMZXlSZ2x1Mmctamp0Y1RnMFYyMENSQUUyWWR2VVl1dEdFbGdwakpka2dLeFZiSEsxRVlkMTJjMVNnbXUwSjlBNDFJazdHVWRsR2VYSGg2akJSWWJiY3ZWS2dMRGdJdGlqVzdqejVEeWhlLUlnck1HVE1BQlppdEM1M0RiQUpFd29S?oc=5,2026-04-11,SAE|ônibus|IA
setorial,Planeta Informática,3,diariodotransporte.com.br,"Licitação do transporte intermunicipal do RJ pode virar referência nacional ao atrelar tarifa, qualidade e tecnologia - Diário do Transporte",https://news.google.com/rss/articles/CBMi9AFBVV95cUxNdWM0XzNIM21DeDlZcU1BU1IwMVFsX1o5UWtTanZfblQzVkI0bzdyU0pxcDgzLW1YQzIybFV1Z2NuTFJEaXJ6V2VicTZyQ1hCY05XS1JwWmNiN3pEVXRCWXVpRGwxLXJBQ1FRQUdicjdJYlhzVkJoZzVvU3MybDVWX2JyNTlPTXlDTlc2Z1lfN013MW5tUnFoYlhZN2czUXBmQ0dJMzBfaVlMd09PTlBsWlduaXRYOE5Xa2dnSVFYdUd1ckNETDVCbnhBSnhuRTAtdmZlbWwyNmJnSHhJQzA1YUw0R3Jha3BELW9pN0xTcU1GTFBR0gH6AUFVX3lxTE5hQU4xLVFmRkNPakNRNk5IOHluMHUtbjJ5UHB0ekl6M2hzUkl5QzlkT05DaXZtbUpTX0pQVlU3V0VrTVdmQzluOU96a1NYSEhOWXljVVlZaGFvZHoyU050Q1ozeHNfdEhVT2IzQk1YZkUxZXZ6ZlJLSDFDa0pBVi1LMElRcUp0NVp3Z0J4MG4zdExHbmJRdTZsUnZxbmpkeTFWZEhuTHpJNG9UVmtkOVI5WGJvbTRQNVhFOHZER2dIOV9nbFVzNmwxYmtQLUFQdi1uRGZIMFlEYVdrYm1IT29mOEpGVWdsR3Atb2pLejhqSDBrektIb2RmVkE?oc=5,2026-01-26,AVL|IA
setorial,Prodata Mobility Brasil,3,diariodotransporte.com.br,"Prodata Mobility Brasil celebra 5 anos de Pix nos ATMs com marco de mais de R$ 6,8 milhões movimentados em maio - Diário do Transporte",https://news.google.com/rss/articles/CBMi6wFBVV95cUxNelZXLVhSRmZFTERiN1dkczZkYkM1clBwek1FYXc0b0c5T2wzSnhic2c3V0JDYUJmbVVhczhMRWl5a0h5X2xWcDlJR3ZRWGU5bkxfSGxXanRnREh1M1FtZG1hcFZ2MEM3b3ljQS1uQWQzUWV1OHo3anRqbGxqYmFyLVVWZGpyV2JGSFJTRzVDR3kyOEgzZi1Ba0FlWEVPY011ZGZUMzVRcTgtaU9zaUxtMUpzOVhRbmNYbkNINjhyTWpjeFJDZDFuN1JKUjhwM1pzRUhRYmxQN1gta2pZbV9Kc1NCVzdiR25zazMw0gHwAUFVX3lxTE90RVBraFJQbFoxQmdkUzk1bkc1ZjdsaFc1VzZORjZEWjJPS3dtVm5zM0E4YWVHOHNXSEtPenBjRzR6N0dEclFaLWVPSHdiVHZvNWg0YWpGQTYxVHBZNnYwWVk1OGZkb1J2ZjFTWm1OV2pDMjlIQ2dYZUZzY05kdHU0dDI5VjV2MzBIeEVvNDBIbV9FRlVDWGVTRUQ3OElHRnpXUWg5bWZMaWlMYVE5d091WFd0YVpEZVMxTWdoYVBSYkVINlRibzB5YlJMb1lWOWYySnZJb2tfeXFiWW1FQkVLT2lJdGF4SHlpYnFLZl92cQ?oc=5,2026-06-09,PIX
setorial,Prodata Mobility Brasil,3,diariodotransporte.com.br,Tarifa Zero: Mobilidade gratuita em Balneário Camboriú destaca papel da gestão no transporte público - Diário do Transporte,https://news.google.com/rss/articles/CBMi3gFBVV95cUxQNUZXbDRzRVdEZlpkUUFjcU40dW9hcl9YN1dfLTl5bEE1RTdiZjU2bWNQdTZqQjl5X1hMOWtHV2tMcTlFMDh6T2FOX184MnY3SHhHYVJIMFdtRVNLTWF2ZGV6UTNmcEpnVGt2Nzg0OGZPYnpGNlNrSHdBV3dkaVdNNjdjbjlJSS1uYlM5b1NLcm5yZ28zLVIzX1RieFRDQWp5Q3R3ekNUSUtTS2k0OHFCTmJTeGNvTzhDUV9xMTRvbUZLYndLTGw3eVdkZFg3MnlEYnhKQzFVaGVkRTFzYlHSAeMBQVVfeXFMTXNaZHZ5TnJraGVtd0JScDNhTk0zSi15dkluSFR6Rm1MeHFpUmRNOFN4QTg1NXdCZ0VaM2JnVmpIT0hiVmdJZWN4dVRmUlFHV0I1MUQ1dU5Jb0NTLTQyRVB2bVJrdHRoczFFV2lMMGhzbGtvbHgySXZvQnlwQ1I5YXVaN2RWdXdTWUFDZlN1LU10aVkwQnZRVkZZREJBRmpZY2M4eTdla3QyNzljWGhhS25aeFM2dWQ2b2hEZ3JoeThITVNmOEVUWXQ5WjkyYXpmRGFoaXpMVER3TDY1eXpac0tuQ0U?oc=5,2026-03-25,SAE|transporte público
setorial,Prodata Mobility Brasil,3,diariodotransporte.com.br,"Menos espera, integração, transparência, ônibus elétricos: o que o Brasil pode aproveitar do encontro de transporte público da APTA em Chicago - Diário do Transporte",https://news.google.com/rss/articles/CBMikgJBVV95cUxQY05ub1g2TlltY0d2dmg5Ym1sOWZvMTZUTnlDVGxVOUlMc3NLU2wwU2VjUGxXOUt1NmtlaUZidkJyLXR6MU42dFJhbUZ3T2owUF9mb1VVZmpvZDFWVnhESHRuQjlDX0FpbUZVeEZrbVBXMjF2N0tza042eUo4eC01TDN5UUJBUjdkNTRHR084UE5MUG9Hd2N4TFh6dFJycjdUeGZ5aUJydDBXeWpKNFZWN3NmRkdPaDF4YTNaVFpGNF95eDBUSkJ0aEtrVUhjMndPR053M21NTlpmMWxKeHVWN3pNbzR1bmswSTUxZkZ6MkE1NGRTYU10d1ZONjRWTGppWmR6QVYzeWVlc29RY1J5TE5B0gGXAkFVX3lxTFBuNW1kOFZKQl9pWjdSR3Zza3Uxd2tTZmZXMmtxc2ZseGVZU3lNSU14RzBxYXpuRUNGeUl3ZkUwTzlPVXlPNWVkTWZTWjlnS2llajFMdVdtR0FsY0t6RXJnSXN0aGE0QkZEcjNYOGF0YlE2WDhITldHN2t6QUkwSEwzNTEySFViQUdrbWNYd2E4YjF3Y2g5UEJFbF9OZE1Pa0pPb1lZSTNncFlhY1NfXzAxOGNWYnBWMUowVmVZQXBQOXBXYi1fRmhQdDB5U25LUFhEcDVwZmEwcW9IUlFIVlhiX3UzN0w0aWtvRXFEWFVxZ05Dck91Skh6ajFpLUpZSXVxT2IxUlNVZDFOUnhhV2plUGJabGJTVQ?oc=5,2026-10-09,transporte público|ônibus|IA
setorial,Prodata Mobility Brasil,3,diariodotransporte.com.br,Transporte público ganha opções de pagamento para o feriado e passeios do Dia das Crianças em SP - Diário do Transporte,https://news.google.com/rss/articles/CBMi2gFBVV95cUxNLUNuVmNlMmZUN3JoRGhra3c0OExGbXZlS1F4VFA4YlVsTVJicy1COVVlRFlkQ3B5ZGJkOUh5TG9zMi1yckJia1pMWTE4clotUm14WGFOTnp1QS1SSUEwY290MTRPOXQ2bEpIVTBDUTlKamFQbmV0NllPVzhHYmNzdXB6S0JJcEllaGtVRzNGSi1rTVY0Nnd0bU9ha3JOU2U5SlV4TlNEdGVwZlloRUs3SUpaU0hGSkxrdlRHZF9IYW5mNWhNeXF2QUxOWGdoazF2c0hkbFRjaV8xZ9IB3wFBVV95cUxQTUJHYlVjaFNBWTE1amROVlZpUXhOY1hUWEEzVFB6azdhUFhwSElxWmVxLTZwd1hBNGxZQUxEenVuS2t3REZSYThjcGJycnpkQzdKczF3T29zT2pmT21haHY1RHVyRlZ5dmJPWTVEZjk5LVhJTDAwT2I4LWk5YTF3Zl9iRmRQclpqbHdHbWRJMFduSEEzbDhMT09LVXlqUGFXMG5TeTFXNUd4NXUxck15WDRTaHA3VWxBSWg0amNFMkltZ25ZQzZEdUpPcUp0dUZBNU1HeHB4ZmVPMTctcmJj?oc=5,2026-10-09,transporte público|IA
setorial,Prodata Mobility Brasil,3,diariodotransporte.com.br,Ônibus metropolitanos e VLT terão horários especiais no feriado de 12 de outubro na Baixada Santista - Diário do Transporte,https://news.google.com/rss/articles/CBMi3wFBVV95cUxORkpEV291Y1BYa2QwTUQtbjFpUlpvSDFVX1JxMDZ6eno3dmxVWEY1aHdfZTh6MGlQaHRXRmNlem1XQkxlR29HdGpQZ0FGYms0am9mWjZIWWQ5VldOX1ltMmZ1N19oMFlBem9QbldGTzhJRFZPcTRobmpVRnN0VmxMc3ZLNnFvRDVqd3dqTGFISzhYSFZIdEZBc2FXYWtuOWpuaWIzQXk5TUEzUjJuTzdaOXdQTmNIZThBWTRfRDVnZUVua2dyVUV3LVZTdW16TGEwbEh0SUU5VGkwSHZMcF9z0gHkAUFVX3lxTE0tNXJnNFRSY2h1T2MyNGw4eE9md2lrLWJPY093aExGZlB2bmZXdnJ2UHhDY1VRVHE0R3NXVDltVzd2bDZSeHFHQkhiRUxGcjhXSHFZaXNaVl8tZERLcjlsNUp5UnBkVGtWU0xxQkYtQ1o0aWRQT0xYbEs0alRkd3B3dTFXZnpoQk1rYXRsdUlFQ3Z3MEpDRURNY3prR3k1RWkzM19URlJXRUM1d1BtQjlzMGVCcVNwUjRZcEZ5ZENnLWM4UDNkdEE4WG1IYVI1ekJnWDZVZFZkOVhjRnJZRTgzLUVCLQ?oc=5,2026-10-10,AVL|ônibus|IA
setorial,Prodata Mobility Brasil,3,diariodotransporte.com.br,O validador como porta de entrada para o pagamento digital - Diário do Transporte,https://news.google.com/rss/articles/CBMipwFBVV95cUxPQ3BfRlllbDh5NUE2Z09BUnA4NXE5LWNjV0dRRHZwNEZBdV9wUHZEOTRtOTExLVhkWjhkbV9RdVdkZzhlMEx0UmZGZXZ2eGZYNUxUWUQtX3psVGJXMk9ydjNiOFhLZnhGSGtkWlhKY25pME5XazNGMHdvVDAtWUVOVjhkbGM3azVHcEcxZVhMTUNvN0puRTlDUnYzenRlSU45Y2FRemJoWdIBrAFBVV95cUxNOUtnTVNoc3JDYVowSUs4ZmJaaHpfX05tbFdJYUJCaFd5eG5MR09XaERGNF8tYVgtNVJfMWFJenNGVzM5aWh4X0xZcE1MR0JqTkZ3UURheWZfNUxQRXUzUGtrOVRlYkFieEgyQjNwT1Uxb1Uwa2drSXgwb0tEZzRvckEzcjNIb183MjdGQVV1Y1pGMDhmYnMxaUQyOVlla1ljbTdYTGxYa01qWTBD?oc=5,2026-03-09,pagamento digital|validador
setorial,Prodata Mobility Brasil,3,diariodotransporte.com.br,Mais Mobi vence Inovacidades com projeto de bilhetagem em Nova Friburgo - Diário do Transporte,https://news.google.com/rss/articles/CBMiuAFBVV95cUxQaUVVSjl2QTJHQ2tYQ0ZKc1lDSGtUb0VJWVE5QmdVQmlMRTJYZGdXdHlTSEFJd0QwOVhOYndfMTJBYnlzUng5eTBWRV9zTHUxQU0xWGViWVNxTGtVS0dsM2d0ZG40Vy1xTTZyZ3dzZXgydzl6cC0yV3VSN3lyOENBWVB5VHRmNE5sMDhKaUZCWHIyMVl5dl92aW1VQlFNSm1xZ25KMVJqWlJjekEtdy1tWVVNWmZqRVh00gG-AUFVX3lxTE5SWC1Zbl9LNFRMRnlSUmNsbWZGNGNiYnJSTUtpS0x2X0NyT0J0c2xFX1I3RmJxeUFLeHFoSmJWS1dPcnZuTlFJMXAyMjNnSnlwRE1SbWpoeEw3dE5oMl9CVnJxYUhkbFVMZEFZY004UjdTQ1B2OTlzYmFzV25QRE5HZWdLMGtaSDhQMW0zaDFXMFdUa05OdHZON3JhSDFhSXBzWVF0MkJXS1NVXzhaelAtMi1Xa05QaXpiX29SM3c?oc=5,2026-06-18,bilhetagem|PIX
setorial,Transdata,3,diariodotransporte.com.br,Mais.Mobi: a nova fase da bilhetagem digital que nasceu da RioCard Mais e quer levar tecnologia para todo o Brasil - Diário do Transporte,https://news.google.com/rss/articles/CBMi8AFBVV95cUxNRW10dHdGZ3VaejJZT1A4ZUxkT2ZrYUQtc2ItUmczNnlocmdTakFoS2FvWXlwZjNqb0VVSkM1OUhsZXNIUXBwXzFuZEpDZ0d5bXlDRmZBeUtFWDctY0NCaGtCQTExUW1EM3ptQ25vTVFtX2JIQ0dxUUxIU01rWnZPRDlnLTh1WUNucUhSVzdpdHFJUmR3Q0N6b2VmblEzZHRkR0hIMm91aE81S3BDbjJ6dmEyYmZ3WkRhUHBDcmN2a2NvcElpREpqMmVwb3FRdE5MdEZjV3JZNmExdXpVU0VpR3pEXzdzZThWVnBNRFZkMmHSAfYBQVVfeXFMUFFSdmltUk1CUVM5a0NIdTFFREtjb0gtZlVYWFNLMmNPQ1JWVXppWk5EUXNOODJzU0pjNDRvdVlMN3RoUUowVTQ4aGtjREdXZkxxMFlBZEdyQ3JzQjd2Qk9yYTFNM1RKZVVIYmJMSTFadTdqTERFTWJUb1M5NHNRZUpmSkdqMFJpMVZFZmxGT3Q4a3RfdVotSkVacWktZDdiNGdiX1lPcFU2aENIWDZ6NjRCWmxST2RlUnlNd0pRUF9yT0dYRGtzRkZmcmtQdzF6aU5yTEVGcGtvUGIwai1saGVLZk9aV0Y1Y1lmM0Rna0I0aVJxQ3d3?oc=5,2025-11-06,bilhetagem|IA
setorial,Transdata,3,diariodotransporte.com.br,Transdata é destaque nacional com prêmio de Maior Número de Operações EMV na Maiores & Melhores do Transporte - Diário do Transporte,https://news.google.com/rss/articles/CBMi6AFBVV95cUxNWlJqUDRpX0tlakJzRkd6Wm5IcmV3VU9aMlFoQ01hd3Fud0YwZnBVVDdWVHVzNHpFYlQ2YjFhZnZ3bkpoRUVNZWdVVThEbzhuLTVFTHNTOU52bHpsVkhqWTZ1UWx4UlVCU1phVzE4bHlUY0pQbGtmR1E4bEc4N3J6MHhJSjU5YmRQd1B4TnV1VUR2WTJ5cHlKemJ3b0F5c3pRXzUyNHN5OFlIR0JpVmtOdm1IQVItdnduVUFtNHgxQWdpOGotc19tbGk0U3pBLVNkc0U3cnFsRmFycmdhdk9ZZ2dHNXRNVEVC0gHuAUFVX3lxTE1vbkhSdVp4c3IxZTN1QkJlRzN4T1VYZHA0ZUZwdnY4aGsxck5DR05kaWMwNHFDU3pTUHAyVUt6XzFtTlRRLUxjYVl3VDlOMDdlWVBsNHZPM2tqdjgtTGs1bXpxTktEWDctU1p6RldJSVZjN1o4UUJPQkxCakg0MHRyeVdCUThJRDBSVGczdHM5ZHp3VFJlYWh0THZUUHM3OTdDX2Ewb2pFZkVSMUl2cmVkRXRWRVFZYXBoTzJGNnVha3VYYVBEeVFhOG41QWljTVJMdjJVT09iUE16VWVIa3o0OU5vRjFzX0xtamVwaFE?oc=5,2025-11-28,IA
setorial,Transdata,3,diariodotransporte.com.br,Entre trilhos e história: o que Varsóvia e Cracóvia na Polônia nos contam sobre mobilidade urbana - Diário do Transporte,https://news.google.com/rss/articles/CBMi2gFBVV95cUxQb1JtelEtSWY2cFRUbGcyX1FNWVppN2Q3WnJzX1dDcmdtN0RZTVU4Y1prc0Jiclh2eXNUWlR6ZnZkSXBYd2dCRUpxV1JsZ2lGU083WE1MTFhGaEowSmZoQURxYmNsb2wzX0p5Y2JsWXlKaE9vMlJwdHFfUldKbmxZNzVaNXE3b3VyajR0bVpvYUp5azIteGZIY3ptb0hVWGVsWk5OWVJYWHBpS1FYVVZLY3lLVWxmaW90dkNvZzFlaXBQSWRyekhudE5Mak1nNTFVLWVSS3NwamJLd9IB3wFBVV95cUxPSllYeWdnUW9OLWsyQndYSjdsTEJaQ0dKR29ac3pCQTgyaDc5SlJqdlh0aWtuUGtycVIxbWg4Rks2cUF2clNQRnRRdF81azVNQ3pJczNMSkdVSl9BSlAtd2hNNUhxN3hEZmxlOEd2SVB6YXpVNzF0QzNiRnpJNFlsZEM2NzRCV1I3VWdMa0ZsYkFNZlVWSlR4N2IzNXdhNTBiR2pUNEtlRkpKT211SWFSeVlBNnYzd09mODNDRVhzY0RvREJrSllqUjFCanBUUE9zakhuNzVodHNnWERKV1Rn?oc=5,2026-04-11,mobilidade urbana|IA
setorial,Transdata,3,diariodotransporte.com.br,Transdata lança Pix por Aproximação e aposta em embarque mais ágil no transporte coletivo - Diário do Transporte,https://news.google.com/rss/articles/CBMi0AFBVV95cUxPejB3RmZSZDEwTVRKRXEwMFdDRzBzNVhueHdqbWVDMnI0X29OV0JLc3RDS1VKZlNqcWFMSlRFQ2oxMmhGbnJ1U3M4ODRYYkptdTNyMFVRQWp1QU0xTFdpdWtJT3ZpRmE2bzAtQzZoRWFPODh5Q0xFaTV6TktzUl9rWlhJVXpBQ1lKN1RWaHFHMGU2RmZ1VWItaU0ySy12anNUbXFsYnhNeGNMYmctd0dIUVpUQThub0hmWVZMaHBEeVMtbzdGU2MxRUZQN25tR2JO0gHWAUFVX3lxTFBjOVh0cmpXY2lueTZIU3BFbDhCZXkxU3QwY2JxTkM3eDJndFRCZWR0dFhHS0VDUVlUazVmRllBZWRDUmxsUU5acnRXcGZVZTJzMTFVUFlIbEp2Tm41WGc3TS1md0MwZlNYUnpibmV3RW42YW9JM1QwQ0dKbGlzeFNreFRQV1NoZThsMTlvaE9UdURhcXFJVUg5OHdlZkFIWW9TLUhfYTlKZjMzZkhpMExIbTFnSFhmTm81emRqOTlvVTdJdktSZ1o3MXJwaW9GZkI4WXFuZlE?oc=5,2026-05-22,PIX
setorial,Bus2,3,technibus.com.br,Foco no cliente e uso de Inteligência Artificial (IA) dominaram os debates da Oficina da Tecnologia - technibus.com.br,https://news.google.com/rss/articles/CBMizgFBVV95cUxNSWN0c2J2eEhZaXJ0SnFBV1VFTlBpVG1BY0N5Z3ZUS25PdzJsOHpsX2N5WGlCdUZtN2hEXy1nNHdRUEFHZmhENUpLd2ZxSlJwSDhXQWJQd2d0QlQ0LWs5NGQ2YWw2WDd6LTZIYXZKYkFfYWl1cEg4cFpzMkZHaHBYMlNEUUhFcWRkbjExUlF1aDlBbHp1SnlaRFY2OVpKZ1h0RW81YV9ueE9YSXNJWUdoR1BUSTRJNnJvWHU0VmxkQnpvT3FmWHNZTHdBb29JUQ?oc=5,2026-08-13,inteligência artificial|IA
setorial,Empresa 1,3,technibus.com.br,Empresa 1 leva soluções de digitalização do transporte público à Lat.Bus 2026 - technibus.com.br,https://news.google.com/rss/articles/CBMiswFBVV95cUxNaGRJN3RRVUtCaml2eTVrUGw5MU85UXBEZndXOEpCdm53cDhFMUh4bmZ6ZzZGRy1fMkpTVzVZLUxTdGFUYjQ5OE8yTFBFb2oweld5WkppUUpNdnJ4bHZ6WFZPOGg2dXB4UFdUT0Y5ODI4WllQWXNJVVJGdEJFUVhtNmJSV3RDbGViS1ZYWjZRNkFoU2ZzdWE3cTc1ZGlhbURpX1ZyTG1lN001VlYyZ0ZBckFzVQ?oc=5,2026-08-07,transporte público
setorial,Empresa 1,3,technibus.com.br,PIX se consolida como forma de pagamento no transporte público - technibus.com.br,https://news.google.com/rss/articles/CBMinwFBVV95cUxNdV9BdmZ3YlZwWEVsNHB3RG95SkFnZllMa0NYSk1lMEh6VjJMT2NoZnBKQmphTF9HYjJPVDFzaThvV0pEdURNWEFBVWhjcTU5ODRGUkI0NU5YOUhoNHBrYTVlbHRIQmJNWS14Z0NZZjJWRnRLNHo0cXdHLTdxVTZ3VnROdkdXenJOVHdQdTNEX2VIVGdyVnJkNHFwYldOWlU?oc=5,2026-05-04,transporte público|PIX
setorial,Empresa 1,3,technibus.com.br,Bilhetagem amplia opções de pagamento e acelera transformação digital do transporte coletivo - technibus.com.br,https://news.google.com/rss/articles/CBMixwFBVV95cUxOc1hBUGpoY1B6Z3ZxaDZWb2d1RHhCNXVZanM3am9SVzVkYXdyQ19XMG5TWmZWWklsM2RTcUJIdlA3a0xlTlFGc0Y3aXZEWXlyZEZqOWtyZzVGX2h4YXI1X2EwOWdCOUd4Sk9VeFNpS09hZExUQ0NlMEp2X3hCOHlBWHE1a1hUbEZBbU01SVAwMUtocXFtUV9DRVlDeERUVTU2a1hOanVhUU5odmNXV0d4b0lINk9kZ1hfODNWVjhaZ3pTNjMtSkZj?oc=5,2026-06-09,bilhetagem|IA
setorial,Prodata Mobility Brasil,3,technibus.com.br,Prodata anuncia aquisição da Mais.Mobi - technibus.com.br,https://news.google.com/rss/articles/CBMif0FVX3lxTE5HUFZ1YTJ3aEt0dUFUeXlBR25ZR3diN1l2QjJ4eEdOcDN0dkxxTmFrMW1fS1FSWldxSmZnS0tveUxNZFo3TTNzRHJfUS1ORnI0RVJvVmE0M3NBOFg5T0FOVjVyUmhfV1k2YlFTRmhkWEx5a2xhUHFBa3hqMGJ3NWs?oc=5,2026-02-05,IA
setorial,SONDA,3,technibus.com.br,Transporte público de Belém conta com app de monitoramento em tempo real - technibus.com.br,https://news.google.com/rss/articles/CBMirAFBVV95cUxOZ1JaWTZEbFlab252dGtmTjV3OEtkMTZVdDJ3RlVlSVVBT04zbGxwYUxxN2M3bjRUb2lmUVM5N201MWJ1c3BxRF8xSEpIT29qbmZlWnJGV2lLMDI1Zml3eE1LOHNtUUh1YzhyWVMwazhndjRQR0VjUVI0VTktcVN3djVDbDNybWFyc1pERVVTVkJjaTVXNnhhMGdBMVZYODBoOGR3YjJZTmk4TVEy?oc=5,2026-04-28,transporte público|app|monitoramento
setorial,Transdata,3,technibus.com.br,Transdata lança PIX por Aproximação - technibus.com.br,https://news.google.com/rss/articles/CBMie0FVX3lxTFBETjRtYkdkMXB3VHRkU2JfaHAzMndTN2Z3NnQ5WmpyUXVTbWtPVnlhSTBwVk1kalBTWU1raFMyYmw2YWhZWXVEd3dxOVFpS2o5SHNwaExsMFltZkRPV3ZXaE03R2dyY3lScktVSllWTFg4UlpXU3VKbGREUQ?oc=5,2026-05-22,PIX
setorial,Transdata,3,technibus.com.br,"Em Itajaí, Pix representa 21% dos pagamentos no transporte público - technibus.com.br",https://news.google.com/rss/articles/CBMiowFBVV95cUxOVC1EQWlVblAxejVNZGFCc0gxRXBhTG41aGM5Q3NmZVhTSEVHUUN2bnRfUEZRZ0NkS2JMRXlNdWhvSHhjZ2RzbE4tNThacDlzc3VyR2xkdGpKQ1dacTVLdkIwU3o3em1YSnc2dUpMSk16UjYtSG5ybnVMQXZUWFAzVHh0eDdUT3ZrUzZnVUpVUFpDSUduQ2NiZk5RNWFENWV3ajJV?oc=5,2026-08-27,transporte público|PIX
setorial,Transdata,3,technibus.com.br,Campinas sedia 95ª reunião do Fórum Paulista de Secretários de Mobilidade Urbana - technibus.com.br,https://news.google.com/rss/articles/CBMitgFBVV95cUxNczF4bG01YTkzR1ZQSlhRUnNhNm1sYlJuZmlQNEEzQ19FWm9tUTdZUlIycTJvQ2NtM0phYlM3cTBlLURtR0ZtQk5hVG5qZ28tWHFQWXFNZTgtTlJjZXFGMzdLSmhIcU45T3V3V0FDdlBWcnVKRWRaY1JXSzdYa2k2SlltbTBtbXZEMU1va3o3SWl4cWdIOU42UGVuNF9nTE9QTGxWNVM5Um14U3ZOSE9yNE5KTWZCdw?oc=5,2026-04-13,mobilidade urbana|IA
setorial,Transdata,3,technibus.com.br,Região Metropolitana de Curitiba integra bilhetagem à Carteira Google - technibus.com.br,https://news.google.com/rss/articles/CBMiqAFBVV95cUxNZUxmQk1vcW12c2wwT052SEdGZ1BrVW5WZ19wdkJYZUY4WXNnNm9LbEtUcHpiclljM1NCSlpHSjVoeDFLdzUwVHRqSUQ0WHhiaktuaThhbGJTNGxDaTdXR0V2eHZ1MXFVRFRRMVZDN2FjVDJEQ0M2dWxXWkZLR0lWTnY3ZktHTEwzQ2J6UjdHTXNBcTZzNUltZFNHTmhHTTNsS0NQanE5M1E?oc=5,2025-11-26,bilhetagem|IA
setorial,ABtec Mobilidade,3,antp.org.br,As emendas parlamentares e o desalinhamento com a política de mobilidade urbana – Wesley Ferro - ANTP - Associação Nacional de Transportes Públicos,https://news.google.com/rss/articles/CBMi3gFBVV95cUxOa2VlRlA4Q3VJeXdUREZYU2thVUhqR19PeGVxLWxYUWZEcTdvZnp1bmk4Y0tWaFVDZDloUXlKQ1N3VlctSG5RMXdnSW10SWpESmFxTV9Ic19RcXRjT0hBUTlfX0t6blJ4cnRjTmtZQm5CdzQwZXdPYjVuZnQzOXB3WVh4ZXdLZC1BR2JGS3MwdjZhdzlod1F6NWM1NjhkSzJmNVRXY3ZnZDZiREFBd2dqLVdvN2U4NHN0bUVFQzQ4VHR0eTRhczdPNWlDUWtoTlZGbnh6RndTVW1zaEtyeHc?oc=5,2026-08-18,mobilidade urbana|IA
setorial,ABtec Mobilidade,3,antp.org.br,"O ônibus não se sustenta só com reequilíbrio de contratos: a cidade precisa jogar a favor, por Alexandre Pelegi - ANTP - Associação Nacional de Transportes Públicos",https://news.google.com/rss/articles/CBMi7gFBVV95cUxQeEF6NVJYd21qXzc5eDVaOFo4SFBXNmhlaklvMG82R0V5c0oxQk10NVpVdlRYYUdObk5oU0d1djlDM0k3U3Eyc0lMX1lhV0NWWFY4RGhPelpXbkJXcHRMdG5DV3R3a0NTRzZDLVpKTnRGbjNvQ2JuLURCMERrZ0VMejdFaHNKNEhreEdaY0tqTDlsRzlzY2VlOEVBbWdSMXBicVlzRmVsOVptWWJUNWkzRXJzLWhnNnh4TVl0RlJuOU44YXQtRGU2YUVabWJ5RWVySDJJNjdxemJxZUJmckxxSlNZT2pYNDRUQ293d25n?oc=5,2025-12-13,ônibus|IA
setorial,Transdata,3,antp.org.br,Livro propõe uso de dados reais para orientar tarifas e operação do transporte público - ANTP - Associação Nacional de Transportes Públicos,https://news.google.com/rss/articles/CBMizwFBVV95cUxNLVRSN285Q3F4VUZEdF9tZXh1OTcwdjFMMzhjeHVtZzFpS0ZCOGY2bWlsRWEyZWw5Q3cwY0k2djhJRVFkQU0tY1U1M3BuTGJJbWRMYlNzakN1dkg4cS0ycTBYRTRsQm5LRURReUZaX21waElVOGxkZUFuNklnTFFkN3lCU1BIVS1hdDRCTkl6VmVqcnltNmFtcHZPVzlJd2tyZFJVVHhYQ1R2M1FoUVpvV25JcDNBQzBZRXduQ2VFMkFKam9jOThsalNWQlRtYkU?oc=5,2026-02-02,transporte público|dados|IA
setorial,Bus2,3,gov.br,SMSP - Novo aplicativo do transporte coletivo é apresentado à Prefeitura de Santa Maria - Prefeitura de Santa Maria,https://news.google.com/rss/articles/CBMizgFBVV95cUxPQkZpWVZhRzFfV1ZUZzhrTWpvUTdOVk5jY2piYVRqek05ZmVkQUdLTFFOSzFQZUpWWG1hSXJFUmpIZHRRMjB3Zy1wQ1pYdjNua09KQmhZeTF0RlJxdUV5VWhwekkzRzM3Z2RuOC1heG43M2x4eXJwLTUwLWNQdUlUZTVFWG5BcjZvN3YwTDJWR2RpTnJnLUxkWExUbHROZW0xMGE2akpmN0xkZlFZMDhtV1RQUy1PaXRRRVg0YW4tLWI4NlQ0R0ZkWlZFRHJEQQ?oc=5,2026-08-18,IA|aplicativo
setorial,Cittati,3,gov.br,Tecnologia reduz tempo de espera e facilita a rotina de quem usa ônibus em Porto Velho - Prefeitura de Porto Velho,https://news.google.com/rss/articles/CBMiYEFVX3lxTE1PaEJwNGhlOU93VkQyLWlFcHRxalY4cGJhX0VZQV92MWV4STA4YmlZelRhUnBMeUpHTnUwUk5GZTcydEtMdHhSRUp5ci04QUx0cGtRSHVtN294a2lXU01Qbg?oc=5,2026-07-24,ônibus|IA
setorial,Cittati,3,gov.br,Prefeitura instala novos abrigos de ônibus com acessibilidade e tecnologia - PMFS - Prefeitura Municipal de Feira de Santana,https://news.google.com/rss/articles/CBMidEFVX3lxTFBMOVZWUXowYWhOS2k0LU5YZHdvbWlDQWZsTmVyMi05YktSZWZwTnhfblBTTDFnY3l6OGlZNHNqVmd3ZFhXOWtZZUhydGl1Z2VjVThVQnRkV0ZqQVo4ZkpOTXREaEY1Tnl2YXJicFQ5S19HWnhY?oc=5,2026-04-16,ônibus|IA
setorial,Cittati,3,gov.br,Macaé usa a tecnologia e a energia solar como aliadas no transporte público - Prefeitura Municipal de Macaé,https://news.google.com/rss/articles/CBMizAFBVV95cUxOUkF1TDBaWUNSS00tTUZ2VUVldmI2X1ZzdldJdDNyVS1hb2JrRDUwTl9MSkp4Y01KTTR2a3JIeDIwcnRDTHljbWdNNmpjdVhqOWp2VFgxWnYtMzVsdk9uQk9CWmRJV3Z6THp1blZ0RTQyTERTUXdQcTUxMXpqZTl3aWc0aDNsanJvZ3ByLVlPUHJ1enRpdUhXOU9xZ3ZHS3FZMnd3c0tmNWV5VGhQY09rMUpQTlNnbDc1VmdCWjg2bFc4QjdibVl2RUxOX04?oc=5,2026-09-28,transporte público|IA
setorial,Cittati,3,gov.br,Diadema inicia sistema de pagamento por biometria facial nos ônibus - Prefeitura de Diadema,https://news.google.com/rss/articles/CBMiowFBVV95cUxQY3FqSzd5OXk3akZOV1hMX2pXQU42VXZrVDRweHRJVXZSUWZ1X1BSNnhkdGd3NzZZT2VyalVRYzdhR3NQUTNNNWw0NmdublA4Z1FiZDE4OGJMZ1NOcFdyQ0lFTloxSGlhM09pdVBzQkVOM2ZORTdSa3ZtVU0wRWZvR0psLWUtMDhkZURNQW43a25VY25jZFM5dTk3TXZVVlNmbER3?oc=5,2026-05-08,ônibus|IA
setorial,Empresa 1,3,gov.br,Nota de esclarecimento: Prefeitura restabelece sistema de bilhetagem e mantém plantão para transferência de saldo neste fim de semana - Prefeitura de Rio Branco,https://news.google.com/rss/articles/CBMihgJBVV95cUxNVzczTnRMQlEyWUhUeFRlbzU3SWkzakFZazJ4aGVFYlpub09YMkZsbzktT3BuRlNjbnVjWm5RQ3VPZjBSNjZEeG12bkE1S19sWFV0WE9INThrd2hFVC1ydnRiZVhRTWVjandwZXJ6SW1ZX3RHMDVzSm5MQnFCbTFjS1NSRUJFVlNQNDMwaTVOLXRLV2Z5TDJhZjd3MzFsS0FMQlBxWXlIR2JCYV9ocmt4LWxJZnc4SkZUYTNHa0oxaXk4RVhRNl8tUDlHMTdta1pSYUNrZF9MNl9ocXRVaXhqV3dTYnc0NDh0RVdkbmN6SUpPMEU4NklqdVhSUjBaYU1tV0Q1emh3?oc=5,2026-10-10,bilhetagem|IA
setorial,ONBOARD,3,gov.br,TERMO DE COLABORAÇÃO TC-1-SEDET/2026 • PLANO DE TRABALHO Nº 2161 DADOS E INFORMAÇÕES DA OSC ACOMPANHAMENTO DA PARCERIA VA - Secretaria de Desenvolvimento Econômico Trabalho e Renda,https://news.google.com/rss/articles/CBMiigFBVV95cUxPcWZuTWtySDdqYUF2eHpjeFBZVkJnMTZuWF9SemwyOFhIT2NnbzdlZmhJdXBQTEtod1dzMHpJQ3AxcFZIMUhfNFkwR2REaDBzM2NtRHE1UUx5WHFpWTRVbGxCVE5DV0p1bVMtejZ6NlFRdDBTVWp1RUk3OHREY2p5RUpwdnNjRzY2VEE?oc=5,2026-03-31,dados|IA
setorial,Planeta Informática,3,gov.br,São Paulo atinge a marca de mil ônibus elétricos e revoluciona a mobilidade urbana no Brasil - Prefeitura de São Paulo,https://news.google.com/rss/articles/CBMi6AFBVV95cUxOY1BCQUF0OHl6NmRpNjdxWlpYSlFBdzBteEliUUlUako4c2FUamFyTDY4Y0pwdVFYUDBKc19Jd2Q5M081WkExVld5emprbjZibldQbF95VXVOU0xwaWNFRUJxdVJMMndURG5CTVZpcWZEYU5vV1pMNEpyNjhOYTJDejRLSU1iM0FqNl9TclIxYy1rZFJNMGc0eUZ3U2I1TDlxcjZ5UVNqT2ZOaXh0dHlKMnlRbzhQZWM1d082a3FZNkVvVVM3cmxRdmdWdWNFSjYwU0R0QkdTQ1MydnVvZTNjdlNPY0FWR2hU?oc=5,2025-11-03,mobilidade urbana|ônibus
setorial,Planeta Informática,3,gov.br,São Paulo atinge a marca de 1.000 ônibus elétricos e revoluciona a mobilidade urbana no Brasil - Prefeitura de São Paulo,https://news.google.com/rss/articles/CBMi6wFBVV95cUxQSE5nS1c5TEhzalFzQU9FbEEyYkt4VG9SLVlIbW9DdEFGc1BkQmp3YmJ1VHFWWDlDcEdOcm9QcGFuUXhvTXZTNFUwY2ZBTVd5aDFpbG13azM4UFBmcE9GOWdscTFfTnJUMGxvdGxCcU9BTlZXblY5elk3M25RRHI1OVlacjc1dmtwTndjeWlCSElaMWdKbWFQZzA5dkgwb3o3UkktRFg2bjZLT0lMTWlMZEhyMGJaYV9kY2lKNEJrRTY1WVRGNWlXY2Uwc2VmNXJiRmxVQlZRWjlSOWxHWGZ2aDYxMjBxSlVaN3Uw?oc=5,2025-11-03,mobilidade urbana|ônibus
setorial,Planeta Informática,3,gov.br,Prefeitura atinge marco histórico de 2 mil ônibus elétricos na frota de São Paulo com entrega de mais 250 veículos - Prefeitura de São Paulo,https://news.google.com/rss/articles/CBMikwJBVV95cUxPemNjaHZUNVpQQUpENXFMM1Fja0hPTWhjMkcxQUt5T0tpYkx4ODJJVkxDdjdINnJxTFYzZmdkV1UzZk9FOXV2dGt4dkM3bUR6VWlyNGQ5dGszODhTV0d5SkhaY0ZNZER6RlZaS0dsY0F0bXhDOWNMU2ZpUnBRclFaSlVnbzJQRktnbU9kZXhkVXJBdC0tTFZQSGpGbWkyNEYyVkhuU29LY2VSVlFJVUphU3A3SHJGX1R5d1Vna19pcEFuM2tRSUVUemR6WWJUUHRFY25pakttbDh4V3RZTEl3NTFFeThuVmFvQUlxV18zeVd3MjJvMHJHc2pxTUVhajlFVmVWR3R3Vml6Z1ZFUm9MaEZZaw?oc=5,2026-09-30,ônibus|frota
setorial,Planeta Informática,3,gov.br,22ª Semana Nacional de Ciência e Tecnologia inspira projetos inovadores em Macaé - Prefeitura Municipal de Macaé,https://news.google.com/rss/articles/CBMizAFBVV95cUxPaFE3RDB5ZnZCdVYxdzFuVTBZZjFYUFRpbjNMcGVuUkRKakNjbFprQnhhRXhSTGwxeV8yc1JsNkxteXFRWXFTX1RXMkJJU19uTkZpYU41RXVZdFVBMXNSRk56U3NzU0RZek5yN1lwOUpzMmdscklDQ1c0LWh3aG13RzdySUl4MkNMYng4S04xdGR6V3k2RDJsaENQX2w3MXpmaEtFb0Nwdm52cEFKcnY1NGZ2VVpubEhSa2thODRTLWZuQ1EtaVhoY3l4ZXM?oc=5,2025-10-24,SAE|IA
setorial,Prodata Mobility Brasil,3,gov.br,Barueri amplia serviços digitais e permite recarga de transporte via WhatsApp - Prefeitura de Barueri,https://news.google.com/rss/articles/CBMiyAFBVV95cUxPSTk1clc0TmtvUzlCVkVIWDgxRk5iWVBmUVVLdkVMNTlhMGdfSS1XUHA4Nk5JRTZpa0lPWVU1Yk5tMXJUdmFabXNHaGhqVjhKTmV5d21GRnFMaEsyNTFlTEs3cFMzeE50bzdwdFN3YVhIeVl5WWIzUzFSSEJ1dEU4TnlObTE5cktHa3E2ekpIZzduREN6dF9kTnlDMXNVeGZTUTVKWkVtNmZGb3RUWEdZSk11RjViSGc5aXdMaDVvMlNzY0xpdnVmaw?oc=5,2026-05-05,IA|app
setorial,Transdata,3,gov.br,Prefeitura traz tecnologia que reduz o valor da passagem e facilita a vida de quem usa ônibus - Portal do Município de Piracicaba,https://news.google.com/rss/articles/CBMizAFBVV95cUxPN1hLbGl3TXJRVGpvOTFGRlRWcDV1Z2pWd2tGNWl6NnJBX0c2U2dCMnlmT1hKbE4xUi1kbnhiSTYwcERfczgwaVBwMzJra3prT2thdF94NXJCU0luaE8zaS05em1scFZDRmxOSV9fQTdnb0VYZl96TEt5UThXU29rcGYwQWtETkFPMDJiMDFGVGVHOU5fOTN5aEFPeWw1ekpWWWdyOENQSlhRSGlPMW5wblo2S0ZXbjBvQmNlSkRIMUZ3WEZyVnpUX0JOY0Q?oc=5,2026-04-01,ônibus|IA
setorial,Transdata,3,gov.br,Prefeitura disponibiliza novas tecnologias para recarga e compra de créditos para o transporte público coletivo - Portal do Município de Piracicaba,https://news.google.com/rss/articles/CBMi5AFBVV95cUxQaXRMNUU3X0hyV0YyNnFsb1RWbHpUb2ZSdjVCaGJ0dlI0ZnRnVXRTT0thNTZocmo3djdpMHoyYTBDQTVqNUJ2bFBaRFM5QXdkWXpTU29tLUF5QnZqaTdnNndtRXMtY3czVnhza1I5aUxNaDhXSkx6NDZWUlZFZDROLVY4RHFyM3RLdXhQS3pETFB5eS11MmpFeUg2VGxaNVlvYzVvU09WdVAyRzM2SWczQ2RtRjU0akhPeDFuUVZ1WGZ4aGVMMnNuOUE2X2FNWnNTSmdrYVgwS2h6RU51b2pnTTUwaWg?oc=5,2026-02-11,transporte público|IA
setorial,Transdata,3,gov.br,Ponta Grossa é a primeira cidade com sistema urbano de ônibus a vender passagens via Google - Prefeitura Municipal de Ponta Grossa,https://news.google.com/rss/articles/CBMi0wFBVV95cUxPU0h3bmhKR3k2YVRwVXR1TDN0dm1Eei0xSWp1X0oxbDVyb2RYd2p0Z09vczF5TFNQWlFkcUt3RGp5akVTMzJ5WDE0SWNOTUc3RUxSZW1BOE9hQzdXMVEyS0phSlVNd0NObkVzZzRualdLdzVja0M2VlZfc0hJRjRkSzBNUE1fUldoT2E1NExhckI0eTF2akFrYXl2RVF2Q25vcGp3dVQyelRHUmdOQk00MF9YbzZjVkp6SGNIcENWMHdtSjV1OHZ5RWY2SVExRE51aHhR?oc=5,2026-01-23,ônibus|IA
setorial,Transdata,3,gov.br,Ônibus de Ponta Grossa poderão ser pagos com tecnologia Google - Prefeitura Municipal de Ponta Grossa,https://news.google.com/rss/articles/CBMiqAFBVV95cUxNQlZlMjNRVGNTVjFCa2FsRHVXeWxkMlJkclBtTHB5cEEyU1IyQTljOEIxT2VHWEE5c3ZwenVDSGpyeU9iTm5FZ1hBdW5fbHo0SUJLMGk2RThDSGh3S1hpRUtfUUExbGNoblAzUUpBUnpUTEMxcUVVeE5MbVRBQnhPbTBkeVhvME1XVE5WVXJDRmZtdnZuYS11ZXNHODRZY290MkpWWDFQbGo?oc=5,2025-12-04,ônibus|IA
setorial,Transdata,3,gov.br,Viação São Gabriel comemora 15 anos com lançamento de duas novas linhas e aplicativo - Prefeitura de São Gabriel do Oeste,https://news.google.com/rss/articles/CBMi1gFBVV95cUxQNTdkR1JtMnUtcC0zRUhrVXNjTlpBVFp1ajFuMGE5eHV4Y3hNZ1ktcjdHRk1HdTRkV3p5MlpBOUQ5TF9KQk82d0ctdFRSRGw4VWtldFk5bVcxNmVvdWlXNDJMbmhiTVkxakZLU3cxcmJTUVhWVVhxNVZ5NXM2N0FsSmpVclBaNFVkY0hya1BPTDI5a1dWQmZ5OF9QUjdSLUV0aVNWaWQ0ZGZqTU1RaGpqQi1tQ2d4cmFmMHVDUlFfTkRVS295MFA1Q1J4aVNkSGFTNG5xQjVn?oc=5,2026-05-20,IA|aplicativo
setorial,Cittati,2,diariodotransporte.com.br,"Gestão Nunes autoriza repasse de R$ 37,3 milhões para novo sistema de monitoramento e gestão de ônibus em São Paulo (SMGO) - Diário do Transporte",https://news.google.com/rss/articles/CBMi9wFBVV95cUxPNkZoQzBLOHFid2JZaGxiZ0JubWw2WU1JeFRrbEhYVjZfT1JRcUNCa0F5aGxOS2ZKOEFCNlp0d1lyYmU4Ml9pVE02ZE5VMXFIdmNnVkk5SUNCWjlMNkhhVU1nSGhjNHFvS253Wl9uS1JRY2Fsc21TWW1sUktNNE9EaFVlSVhyX3NYaHRjczh6TlhBaGh0OTBUUE0xMGthX0RyM25BeHNvNHpINEQ5djRZQUFESENjV0o3ajNwaHhmenR0bzZwZDM5bWp4bG9WN2ZQQTNfNVJIeUxRSVZOUlBJU05XY1BtTWVjNGM3ajNNU2dtbzVFSDRZ0gH8AUFVX3lxTE85NHh5RU9wY2V3YWViX2Y1Y25UX29HWkN0cmFsMW1rVnFDcVQ3QzN5eEZMdi1oOHZYbFYzdGpITWstcThIcy1Bd293RDQyd014eHduM2N6N05uOURSLUY0SUJ3VnA5M3EzSkpYczZ6UTgxeXhqWjVZNzVFUlVqSXZjSE9VNVJLS2w3SkJqLXJyZFMwSlhoU3gwSEVoaWJ4aGRwaXNJaHBSM3ZkQ2U2U2NsVDVrXzF6Y2R6bGRSUjN4REFIUkgxenlEb3Nna3JpUXlzRzVPTEJQYTZYTVQzNWxYYV9JRlZVM2xpanJ4TXN4NmZ1N3JMWjB2Y3lueg?oc=5,2026-03-17,ônibus|monitoramento
setorial,Cittati,2,diariodotransporte.com.br,"Linhas de ônibus do transporte público, operadas pela MoV, sofrem mudanças no atendimento em Franca (SP) a partir de quarta-feira (26) - Diário do Transporte",https://news.google.com/rss/articles/CBMihAJBVV95cUxObVQ2Z1NnNHNaZUtUUTJpZkJXVlBIbF9CVG8tUWw2RjNua2xqQjZiVFU0X002UHc0Ykk3NTIxMzE5eGVENUEyOFNsOUotdnJMSnFRdTVKSmh2Ry1PMm8tVmdnZEZwMEVyNE9ZUHRoUU1sWEh3YWJTTWNyU2R6RlJYSk1XUTh2dFZnOXRZYUdFNlhrcGdtZTJ5c2V4RElaZ2Y4dGpwM2FVU1A1RFlSX2lucXozVTBUR2czVndyMVRySml0T2E4Z1loTDVBNTF4QU9xeWFnS2pleS03LXJPdVh0NFE1WmNSOXVuLXJMS01wa1phWUFEWTRnWnNray1GQmpZdEF6MtIBigJBVV95cUxQWlQ2UmNXUjJmTTE3dGdTalNiZllqVkhsX3hPR2ozZVRZaDNFNGNTZFhlc2puWTdiVGFRYTZjdEN1S1FPNnZLMGhycWozTEZVZmVHU2VFdDFPMTl5SEJXdlVEc3ppYVF3VWFlRmp5bmxRR0RzZ25PNm4xNGxSUmN3Q3NZa09URjh6SC1lRG40QUY5MDZ1eHJwSEItMlhsbXRIUTJjblM3ektNTU0wUjltYmRxNTk0NHd4TjhZbi1LQTIyVV9MTlRDb3ZwZk04Yk9iZHNWVHhuUGJTTklqSzVqZURSYURRVTBoUTM5eVlqblUzZ0VMMjBBdUJWMGFXMk1IM2dZY25qdUhrUQ?oc=5,2026-08-24,transporte público|ônibus
setorial,Cittati,2,diariodotransporte.com.br,Diadema (SP) deixa de aceitar cartão de vale-transporte nos ônibus a partir de quinta-feira (1º) e adota reconhecimento facial - Diário do Transporte,https://news.google.com/rss/articles/CBMi_AFBVV95cUxORm13TDgtSTUtTlVpbWNrcGZNUEowZkNzNXJwRUVTMDFXbHp0UTk5YWlzaE53ci1vRTNCMWFaRTJWZkRORmUtX2d0b0pSNExPeko4VHBNcFQ4QmZESTh5MGt1Zkt0cFB0S0xaTTVDZjJyQzR5UkQ5N2FFUDRCRlEtTEpTYlBjZWxadThYTWVXSU9VNHRUcjA0a01JLXVWWkRhd1BDVUVhbnNwS2ExWlpkdnJULThZWWpEWHdCWlNiT2lsSVJrMzIxajVPRllpaGJKSnNiQ19xWFRRdFVEQmxpbk9Nekwxb2FEcnM2OHBJdlVSd0RJc0JmS09hUlLSAYICQVVfeXFMTXdwY1dXS19yc1hPclBhdEJqOGV5ZDdTUm5scXlHaFNQbVdiRkxjMHFpZFBfdWFCLUlud2w4UnVfUFlhQzJvNHdpQXlNSVNxUWlIdk8wMHpTN1l6RnZ1LUcxeHhhOGtjR2FMcFd3ekpNeWVpWXdBME1nelZpd0RVSURJZEFBWEdiWk5yd2hLWUtiNkdkaXY3d2ZyT1B4Um55bmRFR3hlTEJDa1hLNTN1WE5CZzREY1VhbTNpd21ySXczeWgwRldqNVVMWVNRclVrZmhHSWh1TUxvanJZdkNueVNndGNhM1JBQ3dwSkt1eVZWMUZILUFXbFRVWDQ4YW1pWnNn?oc=5,2026-09-29,ônibus|IA
setorial,Cittati,2,diariodotransporte.com.br,"Primeira fase de ProMobi, em Santo André (SP), aplica R$ 41 milhões e implanta 51 ônibus 0 km com ar-condicionado - Diário do Transporte",https://news.google.com/rss/articles/CBMi6gFBVV95cUxQd1FRSFJ0a1I4SUVIeFJ3M0ZlSldCOXlkRjhvOWQ0RWhhS2MySHdtXzcwS3ZtLUJrajhBVkJoNi1JN1N4eTRiMmxWQWZhVHJCNUo4clZ4dmZwRC1nSUdkTUZmcjdvOEIwTkVpRFRXR0FaZmpNSjFQVDJjaEN1d1dUR094T1pXVVJGa1k3aUIxQWUwUHFfYTVGbTdWel96UWVyZ3ZIR185V2ZnaGZybWZoekJoTHoyQ1dCLXNkMHQ2clAyclJkbzVUVTRiZkVCNEVEaVhId3VuV192N3RzWHdfTnFnel9TQl9fdEHSAe8BQVVfeXFMT3AyckYzN19oQWJvZDZEb2YxVGx4NUNsZ3l2Sm5UdTc4eDQxVnRKZ01nVzkyREpxdVJTUm0tRm5sOTZGNUZnSS1uQWNzWWZ3dGx2T0dlMmwwTjMzVVhYVmx4WGtER051VDljeW10YTNmLUNFY3p5U004V09qV1FFY0luVkxkOEJ5QnlpNkN2RlNOZHFpeUNrLVE4R2xPZkxFM3FrSlpNZ2xPcjllb1IwMUR3NVVxaGF1cmY0X082Q2o3eVRGVjhNR0NKcWcwMTQxdDZHRmRMWDYyWkFhdDhZR1UwNzI3cHF3Qm5yUVJfcnc?oc=5,2025-12-25,SAE|ônibus
setorial,Cittati,2,diariodotransporte.com.br,Lat.Bus 2026 terá ônibus gratuito entre Congonhas e São Paulo Expo com integração ao metrô - Diário do Transporte,https://news.google.com/rss/articles/CBMi0gFBVV95cUxPeVYyOGJtSk1MbGdzT3pWQzhFektuUVp1TlU1VEFaTXFoUlFZY3ZJcVRaTnNNbkE4MU9pVXhUT3V1RUNnUjdRbHFSZ0MyU3VNRTNvUHp0VktrajQzc184M0Y1QWhyOF9vQzBnMS1paEUxSDB3S1hEU05CMmI4VEdVNTA4Ymh0SnFaVWpSOGVDM0dhVHdnSlg1cHVjVDF1WjJUVDRHUTdkSUZkMmI0aHJPVVYwdVlBTEJOeWg1c01KbDNzajJWeDdxYTRGMWs2NU1RWVHSAdcBQVVfeXFMTXVtdVBzWENsSnUwWlN0VFhHRmFFUkJkRktILW5fYi1QQ1ExaTRyLXI1S2R2aUhtT29QZ3ROclRuT25peVZBY2U5cmp2dXZvTkJoMnhXWFBYdE1kY19KbzZodHJFcVdTOHpyTkpleHNEejlBazZ3WTE4ZG55Z2Rfd2lpNjd3a0RjWTJ0ZWRMS3hTdGxfeS0xWWUxT21ITUg0aHl2VXVrSnJ3d2tRU1Y2VVhVdlo2WmNNNzA0YklWT0xLODlQTzFVeTRsR1F4MlpvekppTE9IcGs?oc=5,2026-07-31,ônibus|metrô
setorial,ONBOARD,2,diariodotransporte.com.br,"Quatro anos depois, Apucarana (PR) mostra o que muda quando a bilhetagem nasce digital - Diário do Transporte",https://news.google.com/rss/articles/CBMiyAFBVV95cUxOaW5ubHpBQ0ZQc1BFV1lFOTZzZVpndlNrWXFxWWtKXy1lWnJ5RTNVYnhOeE5kX19ibjJjOEdRejU1Y3BlUGJPY1ZFUGxlbEZsZTFnVGNLbUk4SFhMNUZQVktnQ3EtRWw1WVJOenpfTHFkQXduRTRmbFpydWxOeHdubkdVcUtpRGpqMWh4VFhyS3ItOW5rakdtelA0cENTX2FuMmhtMTF2NnA3bFRwUDUyVVAzbzFsbS1ITVpGVk5RZDBRMzJrZVpOMNIBzgFBVV95cUxNRTJtNUtwRlp1dU9IRC0tYkgzNjZ1T1FEcEVuMTVLbDl4S2w1bi1DNGN3ZE81LTZ5QVJIcjBlWTRrV2FkLWhSVTVEXzJWU2dlbTllY0M1c0g2QjBUU1pUc3VGdnlETnhyRGdjX19BUWQ5N3JmU1R3VFdUb0FSRGNxMExtX0UxSTJUcTJtV0JHTWI3UmQxM2w4UlJJSlV3M2pCTWRUeXpUQlZhMFY3WllTWjZWUHZQaXpCQkV2Z08zVDVjWGh0NUZPMXZlTnUyQQ?oc=5,2026-08-26,bilhetagem
setorial,Planeta Informática,2,diariodotransporte.com.br,"ONU diz que mundo deve ultrapassar 1,5°C de aquecimento; investimentos em ônibus, trens e metrôs podem ajudar a conter emissões - Diário do Transporte",https://news.google.com/rss/articles/CBMi_gFBVV95cUxQMnhTMTM5LUVKVlFYZkw1VnAyVk04Y0tTVTlPT28wY1J5SnREaEdxdl9WVDF5SU1EZUt3YTJHS1E3M2o3c0tXTGQ4TGtXUTVzT25rZF9UcmRndDk5aU5MOFdyLUNsTzBZcXprYkdUYXBQN2p6U25BX0pVbXpWRV9YajU5WTNqNURqQUxFR0dCemVfcDBOSzVkQ3NSNlN5OGttZElweVJQczN2UUhxd0l4WGlYdFdUZ3NjaGc5RFh5bzQ3S05vOG15aW9rdXhzOGRldEdtUllkNVJ5RGkwQ0V4RTFWcVlYWS04bUVpNk5TZlB5OXZ0Vms4QlYzM2t3UdIBgwJBVV95cUxOTy1abmZ6anJzbnQ5elIxa244VFRBQkI5YjJ5NXdzTzlGd21jSjF0OEpGTHk1RnhMV2V0S01ROFNicnZvcmNFam1OWEtlNEZqYXdPMlotRHIzOUJYZlJWWWZyemFkbU5wWlI0WkJ0NW1BbWtoaHc1LVFwVjN5c0x6WHRyMnNHTjczNGppenhIMkdXQTRVRzFoMWhMajlDdlFaNnFIYjduazk4RmZLeHhZa0pkTGs1MzlKME9FRHQ1c2x5RERBMXJ1cFc3TjRjbzN0aWYtTjVmZXZ0dFZJNjlDcU9qQWprbk1obl96N1N1a2p1dVdwZmE0Zi1Zenl5VGRsTHhJ?oc=5,2026-09-02,ônibus|metrô
setorial,Planeta Informática,2,diariodotransporte.com.br,Parecer de conselho da capital propõe ampliar uso de biometano no transporte e integrar mobilidade à política climática de São Paulo - Diário do Transporte,https://news.google.com/rss/articles/CBMiigJBVV95cUxNaFkyVG1MU2V0VGZOdU1nek9KdkV1UEw1a3JaUWJSUHhEeG5sMEpRb0pJd01Tc01SMWcyNFM3Y095azJKYTlHR3p3Y0xBNnNPNFNLUTZzUlZ2YnlPeDRzR0RJZWJLcUdSLWtCVkc3aTlCYjU2WEdLMGQ2Ul8tMFVnY0kwYkR4Z3Z6VmlLOWt1bEwwNmtSdVRfLWxDRXk2SV9WTXExNDNlMnFab2VOUDNkcXI5VDVsTDRMRnhwNVlaMFRmOE1TaG9QUEZuNXFqNGlHX2YwOE9WeUd6T3AxanZmS3VSWURjZXJiV04tSlBWRGk4T1hJTlg4RVhiV0lXeWh4NW5NTmpXakFUUdIBjwJBVV95cUxQbjZ2ZENKMDhxbm0ydjhLbXE1bkItU1ltUjBWOWhHREJZc1VDNHd5eUVmLXR5a3pYOGdPaTFTbnk1T1k3Skg1SGdBRGFaSUg1aGpGX01uYW5mSTRHelk2cHZydF9QRHN5VWM2UGQ5Vll2eVlPU2x4ZGVmMm5iWmVVMl9nWW5LTUI3bVJ1RFloelJGYkQtbGRpUTJTaGFQam9iRml5M3JhX19pak5fbmxHM0F2N1J1RkN3Ti16UVZzSHk1dkhsYno3TjNldndkUlhMdjczaS1QdmtUR0hQeEJRS2JqZ2xpTUFuM0ctNGsxc1MtMjlKQnZWSHpTcW1nbWdiaGh1VzJtNDRXQmNlX1Vv?oc=5,2026-08-04,IA
setorial,Planeta Informática,2,diariodotransporte.com.br,"Marcopolo anuncia pagamento de juros e dividendos de R$ 0,78 por ação - Diário do Transporte",https://news.google.com/rss/articles/CBMiswFBVV95cUxNY2luLUYzX2VyNXN1UHVndVF5VS1uWDdVTmp2Y182ZE1Ub0VYcGFVVkRxN2hKMmdyRzUxMURYSGlIS3B3T2tTV01MR2pfcGVab0RqdXVkQ3N6OEZMYnlXYkdscldLdkxUcjkyWFhvb2x2YUdISWZDZ21vYWFTU0kxU1ZQLXBBdi1ORUN3TV9SR3lpZHV5dVk4TERyV1J6bWVUTHhZRWhGc3FWQUtjSHZvU0gtRdIBuAFBVV95cUxQUVJVS0ZVbXR5NjZ5MEwya0JRa2FCU2FNWk93ekJ2RDJ6b0VmU2RlejBULWVWcFN0NmFrRTZEUFR3M0llZTNFaE1KUmIzdHM5VndsOGlTejZUR0s1S0tGLUNTNGVCTjRUZWZtVGZncUN1bWp3bkVGSFBna1ZFU2N2QVRtaTU4eVVaeUUzSlBveWFKV2E5TjlXbkVYcWU1T3VESXBkNkJMSXV3VDNWbkVPeVZNOHJialNR?oc=5,2025-11-19,IA
setorial,Planeta Informática,2,diariodotransporte.com.br,"BRT-Rio bate recorde histórico de demanda em março de 2026, com 15,4 milhões de passageiros. Corredores têm atratividade aos 52 anos de Brasil - Diário do Transporte",https://news.google.com/rss/articles/CBMikwJBVV95cUxQdUt2WU1Zd0ZQQzNMcFFlTG16Y0JGeG5EVVdTYnkyX00tY0NodXRlWEM3V0ZncFp0RU1kdXg4UUc0RXV1YTV3YWhlZ1lUSGRGME1tWkY4M2puSXZzRF9LMkg3WGtfSGsxd2NUeU5idEdZNkxvZ2tzam55RFIzc2VIallNR01NN0ZERUVSS3pVX2tDcmY4VGJCZHNHWUFXaHhzaXJfUlU2OTlrUkRSZ3d3dDd0NUtBSklJOE9jd29YNFdRN21Dbk9PbWNxWjZJZHFmRzRBeTltVTVIMXpFRXYxUFJWaTVLZ2g0aXRJMElienJYTkhqXzNwYVFmMzU3X3hhWDc3T3RPemNGWHg5XzJlNXFzTdIBmAJBVV95cUxNd1hNQ1RLVGZIb3dOdW81ZmtJWnk0RDdUUXlBN0VJWGFNQXFQMEMzWWY0U3llRWhBS210Yi1JUjlqN3BxR3NlTWhoZG5FaHRPSXA3MGFoM3VTbElpVENoZ3IxVG56aTVUakR5WTl0THMzX1cxODUxbi1rZlZidWhueXVPekVpMDJmbFd4WU8wUEV3cGtzRXBULTluTmFXQmhRX21QYTM1Tkd1YWhrVTc5dUpIdmFHR0cwWjlUWmVZNThBVE82TEpXVjBNZWx4VnA1bGxGS0V5VGxRS243V0htQXVDT0ZPRnlvQURxNThIWVhHSVdEeHJkcVFCaUs3TGV5MlcweV9Rc3VWV0lTMy1aMmRUYUczcVpj?oc=5,2026-04-03,BRT|IA
setorial,Planeta Informática,2,diariodotransporte.com.br,"Planejamento otimizado vira principal trunfo do gestor de mobilidade urbana, diz vice-presidente da Clever Devices - Diário do Transporte",https://news.google.com/rss/articles/CBMi8AFBVV95cUxNazdPc29sN3lrYmFIbWZKTWFKVEd6TTQzVEN2LVJxTXpPNGpMZjJmNzRuU1FaOFd2R2YzXzItbkNwWEN1djVaQWQzZzJxa203LU9zU3dwakhFMUFlOUt5Q2ZXeWIwNnc1WXhRclFHaDZUUk5NQWtBZWF1YkVJVVZsZkNzTVNEX1lMTVFEY1ZzQ0F5eU1CU3UtcTQyd0oteE9ndW5KOGl3Z09SUW5sWFFEc1cwaUtZSk5SMk9HRC1vVllpb0EyMGQ5aTNSWWhDLUxMOHZXazhQM0FLbGJ4eEJtTElnRTQzM3RLb2dDTzNLbGvSAfYBQVVfeXFMTWYzUnFUd3FDNmg2VEl2VW9TRnJ4TnFHRnA0bzlkZ2lQWDEwQlBxekRDVjN4QU5FOF9CTVZyN05oZl9nN0JOalhrR0NIX0llNGs1dzVzSWFlMWZjS3ltcXB3U2E3bld4V25VUlh2RENjQXQ5QUd2RDdjS0ZyU1RBQkNqZm5WZlliV0dtV21RWUZDbDVlZ0RpY0tSVkRWYVZ5NlJTSTd4a01MSlNXTkV5RGJUdFprbjFwcktKanRlQWwyaUg5S0gwcTdKSUFSTHl4aHhseG5vUVVSRE9jUUg4aWFWVnhXblYybnlHbmRVZ25yUFZiNnp3?oc=5,2026-06-03,mobilidade urbana
setorial,Planeta Informática,2,diariodotransporte.com.br,EXCLUSIVO: Marcopolo prevê crescimento no segundo semestre de 2026 em especial por causa de rodoviários e do Caminho da Escola. Transmilênio na mira - Diário do Transporte,https://news.google.com/rss/articles/CBMinAJBVV95cUxOaEV6YlF6NVFGMlAxa0dGVkViNkpsaE55QlFjQkl2OEQtSDQzamdNMVlrcVJMVXlua001b0ZJTFVVZ0Q4dHkteXFhMXpxOGU2Vzg4YjZZNWxMWUstSG5YWTBZTDBEamJOSVFqVzgtcTgwY05kUG9zT2g3a0lkU2I5TlBycTgwTnlhcEJyV0lTQjFFX3Y0Vk5fU3FJMTlRc3hHOWdSRkw4Zmh3aGtJeEUxN3Jwd1hmbXdzT3p2eEVKZFlZTXFtSXJrRV9ZS29ZVHNjcWZiaFRiMGJoMWFmdUhRMF9yMmpsd2tZMFpLaGhYS0ctaUFZZ3dWb3dfdmc2Umc2X1YtX0FFQ2w1NHNJdG1ZSUpFbXg0VzdkNDZSVNIBogJBVV95cUxQSGNFWmNMcWVpaGFLLVltaGMzazhXbVV0cWFSbGI5WUxySHByNjBYVG5VNXJrYTF3bVRpOFNKT0thelRBOGNiYkNYXzdIdHNISHJYMXZIQVJpck4tRFVMREdiR21fdFNoT0dsdU43ZmRvQWZpYTdWd2xMWnRLQU1hWGRhbkR3cThKd0tnYlBkdWR6Yi0ySjJLTjBLY29ERkxNQi0zRTNfLXZ2dktlQk1Rc0ZGLURPYm9FLW0ydWtzUHZOWFpRZHdDVzFLVWh1MXcwc053WmpyVV9WaXpaVXhobmpoZndiRUpac0FuZ3lwak1fbzJHd0ZiQUpPYlNkZGpJb0JHSUlfOEhMRnRNZ1FKMTFUSFRCN1JQRnZZTTF6bVc5Zw?oc=5,2026-05-06,SAE|IA
setorial,Planeta Informática,2,diariodotransporte.com.br,Banco Safra recomenda ações da Marcopolo e indica crise do Petróleo como principal fator para favorecer setor de ônibus rodoviários - Diário do Transporte,https://news.google.com/rss/articles/CBMiiAJBVV95cUxPMkpWSmZmZFAwTF9NMkFWUTJwY0tBWnpKeWVHd1FBcmtaNVM1ZmRzWmZjMEY4X0JUM2tOWWZmVFVYblcwbUN2bjZuQjJUUkk2V0VmdlM1ZFNoTzV4RWR2YXE4aU5sdFVWRF94LUh2TVhldG5icEREY1p5cDVMMzVaczlDd0hzcDNrUVM2NnVRWTBNdkZCZ2xRdUJhTHN3UWdrUjF0LWY3aGJYbUoyWFNrc1BVQTM0NGQwTi04T3pQOVg5ampLYTU1eVA2ZTZVRjY2N0UyakJaZG0teGJYRzJ6cmZrNGYxVDVmZ1ZWZzM1Snh3X1IwRk0yRzd4TzE2NzVDQm84Z2NnQ1fSAY4CQVVfeXFMTTBaaURrME5zeXZrODNLOG93VzJYeXdMWFVEUEQ4c0hGTVRURVNGMlNUYmVZT3ZldlN0TFZIQmVxYXkzalcxbWJoV212RnVMU1JNbEgxbUhzY2YtNEh2c3c0c2ZOT0RNTVI4X3ZDYlBueWFjSktTVjc1Y0VHaVBLRUtYMDdLaF9hR1BaakdCSWp0Y2RZSVdDRWp3bFZRVDJZQ2lGUjU3b29PLTIyd09vUXpzc1NkOGl2SlZRNk5uOWJ4a1ZLd2c5V3pVVjRIQU9mWjUxY3Y0REw2NkVMQUNpQWZuLXUxamVpM1FaRnpxajVkYmhXQTAxaDZ0MmJJTlBiNnFCUzctVERXekd6bUF3?oc=5,2026-04-21,ônibus|IA
setorial,Planeta Informática,2,diariodotransporte.com.br,"BYD chega ao ônibus 600 na planta de Campinas (SP) e projeta avanço nas frotas urbanas brasileiras, incluindo novos coletivos dos Corredores Verdes de São Paulo e plano de planta de 7 mil ônibus por ano - Diário do Transporte",https://news.google.com/rss/articles/CBMi4AJBVV95cUxPejNuYW5nVGxULVZ0T3dMUDQxeF9LR2dQX00zS25BWUxWREJzeE5VeFlCb19wb0pFakRXeXJvWnlkTXhPUFJBN1BGS2tQZEt4THRmTV9BbFhveWVtbC1FdkpDeVp4Z0VXWG5ObmNYSWtkREk4d1phd0pzT2VjZ1BsTjEtNkRFekpLVk1ROG8yeXJGc29mOVRXMC1FYlpWbkpVVDYtU3pnMGhGSV9pckkyMTFITUd4T1l0d1hXNy1reGtzVGttTHVlVlo5M3BoQlZLWTEtYXc4cmZmOWRWbGNHN3E1Vk91MUV5VngzNUYzZkVTbHROZjc0QjJfenY4T21aS0ZEbXpFUDh5X2V1ZVZ2VTVPYWMtR20xcHFMQzBuQmZmV2pCT3Y2WUhZTFQ5WTBnZWZRX0ppd1JndDAtMkptZUNtZDhYQkFOcTV2SGd1UFBvSmNFRjlWa3N1Xy1mN0Y10gHmAkFVX3lxTE56bWFmWXVKeFU5NzlrZmY0b1d4RFhtcUpDMGR2V0FwdjgtUTNZZnNjVUdaV3VEcEVmbzVmUllmMXlJbndMRHpoMnh4VmtmSlN6Ul9FamFRckhnRl9aSS05eWlVcG9GRHBDOVJaYjVneTB2Zy1ucGdfb2RQR1VPb0pwWjQ2SDlXbUJrOGtaNXk1MVZWQmZZMzZsMDBDMDNTVDJkNVVJQkxhOVVtYTk5ZllYb2xBM05RNFZLQ3RTTXZwXzEyV0ZGeC0xdF9qNWRVMlZqNFllSjY1NUpfVzZYaTZub3RpWDdRd1NqMUFNdklmLUNHRG9HaFJ1eW9hSzY0WGR1clVkY05jaVhmVm1mbGl0QmxqR0ZLR1lkSTYteGt6YWI5b1k0d0ZkMDh6U2RxbFlyck5vNXNfZjNiQzdUTEgyVDdVUWluQUZaS21LYUFyRTY0eUU0cmJMbmE0UU1KOHBPMm9zRUE?oc=5,2025-12-22,ônibus|frota
setorial,Prodata Mobility Brasil,2,diariodotransporte.com.br,Prodata Mobility leva autoatendimento á nova estação Washington Luís da linha 17 – Ouro - Diário do Transporte,https://news.google.com/rss/articles/CBMiywFBVV95cUxPSE9yS2RlWnRaWGNpVmd0ZG1ocTZGQlE4RE5GUmZldzgtZXJIUWJPY2l4b25Bejk1aUFDbzZRbHYtTEF1ZzFzYmxYZVpmS1oweGJhcFR3VkFXTVowUkhRbk5OWDVuaHAtUlMtYm5CVEpvTW9YVU5XSVhnRmFmaTFlZlVMMkg2bHVKZU1nVXNmR0p6TGpBWk5kdHhseVFOT0dEQjk2T3RQaDZMMVhjUnFVNDhpeDJPQ3dmanV1cFJmQTlDMWRxc0o4MjFjONIB0AFBVV95cUxOYlgtZ1o5R2FkSHZnMmJlc0h2SGJpQzh4b2lhOVliWkktWUdqOGZ6b1daNUlYTUtIX1ZkNVBiYXZNS2w0cWNHRkNBa3BOYVoydGhCRUcxaW9iSFctUmJmWUxsUVh4ejFqSWJSeFdCdzYzSlJEVnNfZUsxYnRNbGpGMXJrTUtJOGkxSUN1anM5ZkxrSGtmakRET0pTUGU2RkQwVnFZekJEVHY1V0tJbzlRczktZGRySk96S3BnOVZxZDA0b1BnOEF2dFBnZWZWdVNM?oc=5,2026-07-01,
setorial,Prodata Mobility Brasil,2,diariodotransporte.com.br,São Paulo leva o clima da Copa para dentro do transporte público - Diário do Transporte,https://news.google.com/rss/articles/CBMirwFBVV95cUxONEgxVHpjdW1QZUc5WUtKZ3BiamU4WXE0dHZ2TjU5Xy1VMkxTZFQ0Zkx6S0F1U3lPb2M0b3l1N3p1bXVMNTdYMk8yeXBULU5lMnYwZEdCT2tfOVpxdGVDOVhlSjBvV2VqbVZhWm43bVEzMzVhZjY5TE1vcWtWMkVlRThQUXN3dWh6UW5Ydzlad25WY0d0N2hUOWlIQ2NjbWRuTklyWWhjaU9HYlpVc2lN0gG0AUFVX3lxTE9jSjlDLTZtV1lUNFp4dWgta0p0aEtORWVJamhnNlQ5MGVqc2lTazRDdjQwaXQyMUVkeW9yQnRYVUJEamhlblQ1TEZod3p2SHB2Tm1sdHVTRld5UkZrbENTUnIyMGxDMHdxdE5hSGxlTEdQZEwwcldYNnN1ZkJmT1k0MWV3d3V1ZWpTN0xKS3ZSeWpYZjgtdmdSUFl6UlRYNFNETi1NRmtvUWYwNkRzdFlRNTU2VA?oc=5,2026-05-18,transporte público|IA
setorial,Prodata Mobility Brasil,2,diariodotransporte.com.br,Barueri e Itapevi ampliam serviços digitais com recargas de cartão de transporte via WhatsApp. - Diário do Transporte,https://news.google.com/rss/articles/CBMi1gFBVV95cUxNZ3FkY2xJclhWbWlUNlhZV1NHNmdaQ1FJZUpoRDBkYkxzVmc2OThPMG5YT3VXLVhMeVI4M1dUQWJGVHowMmJ2ZXdsTTlSdnlrY1hoeGU1enJEQ2dTUm1RTnhKTVIyQzl0VUxvbnItZV9jNmVTSmY1bnpEcE43MHQ4X2s0c3k3RzdIUkh3MWFlQ0F0N1M3RWR1cURmTkM0WWY1ei01bndCLVlxak8wTUthX0NWTWdHMGs0LUQtQjJ4TWs0S1JBZFhXU0RKS0wzSmwzajQ0bHZB0gHbAUFVX3lxTE94SnFpcWttNVQ2TG5Fa0lvNC1OQ3dRcy1GQi0xLTZSSk10amU2TFNJalJrTzUwM0I5dHdJTnIwRmpzOGpoLS0xLXhOMno3Q0Fhd2pnLWNQT3VkUzE0NVAtRHBQRVViR3hjcHZuMk9jUHRwMzZ1UWR4Y1RYcV91TmJLWFprSGRYVU1EVVM3YVhLVnkzSktlUHk3cWVPSEU5MW1WZjNsV1E0NXlZSktvdkh3bGhhYVdCQVUzNGlhenlaNy1BeVpZb0VJZ1lGOGZxQjh5WjY5RGVlU0NQOA?oc=5,2026-04-29,IA|app
setorial,Prodata Mobility Brasil,2,diariodotransporte.com.br,Distribusion Brasil compra RJ Consultores e cria plataforma líder de tecnologia para transporte de passageiros no país - Diário do Transporte,https://news.google.com/rss/articles/CBMi9wFBVV95cUxQQ3laVnk3T3JlYjNMb08tOVp6WmNXanNGNTF0Y05PYjJzMUtBT3lycmRDQURMOWpuRDFMSEk1RUptZzFSNE9PVjNmSHdidktGM0FWZHdkV0Zka0dNRFhxUU5ZeUNZa3VhaWw0ekxGeEJ1SzlVaEdnenBiVFpKNVEyU3hLSTlWMGpqLTBVYjh5NlZrSXMwRHJkRGNJVHI2WTNuZklPblJyMC1wLXFYVHc5dGxYQ1dsektMbUxKLTVkRHpZcFduZUUxejUyNTV0dXFqdHI3ZVZMdF9JeXk5b2toRW5PQzZJYlVMOGJ3TkFSWHhKdjBaMFB30gH8AUFVX3lxTE1NNVRiVldRYlg5dVpDRlc1d3dYaVRna2RJMThodm9GbEVZTnRvWHoyNDRsd3ltN28xbTFKaFFLZEJYUldacXdNMXAxU1pPemxVaDR4dmdValNBbExwNDRnMTRYSzdNRmpYaWY0MHFWT3lKWVhpNm5oZF9valVBMm9aWFpMYmEwQ1lSWGFUbWJDeF9kNFFsQXoxeTBxS0dlZDRudEdXZGREOHdKS2VhRFlUWW9ZY2ExbXlsY2huMFRtMXAtTHlHenlyV0Zxdm9TVDUzQ3owTHg4ZmFsMjhJWEd4aC1rWUJ6eXY3dC15MGx3b2M2VVV4LU1EYndHeg?oc=5,2026-10-05,IA
setorial,Prodata Mobility Brasil,2,diariodotransporte.com.br,TCU não admite recurso da Volkswagen em disputa sobre dois mil ônibus do Caminho da Escola e nega ingresso da montadora e da Iveco no processo - Diário do Transporte,https://news.google.com/rss/articles/CBMilwJBVV95cUxPdHlzWmdtcmdwMjNzdV9sVFQ3ZmNkWi1LcTZyRW5JVHZ4NjNDSWJkV1pKT3N4T1JnVFljeGVBdF80R0gzTm5XT2F4Q0tINnpKZmtreEVjR1JTREExYWpEdk5GY0EwbFIwNjNYM0FkcUJyQkN5Yy1JU2hPbGo2Q2pxMnNRdXdqUWdKWHJZV3lLcUgzVExJWjJScmNuYTFIWDR1VHc3MG5pRk9qLXd0OWNIVHBRTGtEY0x2dGxyTkRnVW5WM1ItNWROMndhS012ZUZUSmNpT1B1VF9GRjB3U1kyVGUzQmJNM3hWSDRybTNpU2FyeGlPWmd4ZTlNQ0JxcG1oaWdvVlFCZ2lzWTJKcHR1YVVpYWVkOWvSAZwCQVVfeXFMTnpTSXV4NjRERERRMGpmNUxnTkdvUzJBSmxtajdXeGhuekVUNW92OHM3MHpfTzBQZ2FDM21KVW5UZy1kSE1RSlVGRTQ0eUtxeTFGZTZsUWF1bzlnMk5ldTh3QW1faTk2bDRsdlZoS3BXUEZQX2xZdFZ3bWx0WnlsaUExLWstbkJhRk9GU3VpV0ZqVGRMTVpQVFZfVFQ2UHR1TUYzY1VOamp6R1dYUm80a0FkaWJVZllRUDdtLXNxbkc0bTVMT1Q3V3QtQTBCeWlvbzlOZHpYdkVhamRjTFg2UUhYNDhfS1N6TEVfS2dIMUpRdE5YTHRSQjZ3clRWUDdYd1h1LWIyM1RZOGY4eXIwWWJXd04xYTZWMW1takI?oc=5,2026-10-09,ônibus|BRT
setorial,Prodata Mobility Brasil,2,diariodotransporte.com.br,"Licitação das áreas da antiga EMTU: Após 10 anos de vencimento do prazo dos contratos, TCE pauta análise de recursos das viações da Grande São Paulo - Diário do Transporte",https://news.google.com/rss/articles/CBMinAJBVV95cUxNWFVTTHRiZnk1aldyaTN5NEl4NWM2bGF4bmhFWk52OGNSVDVLVWdrMXJLdC1oZUVVdVMyYU1oRm5DZzVub1lWMHg3TGxsTmxBa3hXbElRQ1J1Ml9jN3U1REYteUViVVhpell5cFdKRHNONXctblRvbWYtOUdSc0hNelAtVktuX3R1WU5lVUswSk9TSXJ0OW5udGtHNWdJWTlBRFUzZ0hyNmhXWi1QaXBqVEpsTW1CX1F3NHRvbHhSRUxoSmdHR1hpWjktWVVNOUQwSVQxUlRMWlowcWRIc0tNdHBORDdYTzBZX3QxS0hXNDBpMm1zci1FblZCYnNjalFtbFVneEp2N0IyYTAwdllaSmM0Y2FZaVQ0eXZ6ddIBogJBVV95cUxPanBtYms5N0ZkdXp3TVF1WWM5UHhnRzdReThGMjBvSEZmUDdKSmo5dEV6OElkX0hEbG1nbEJRTWpablRsMFlTRmQxWW5OZjRESE9rVGhPOTRudTZ0NnhlTjUzQmJXd0RoXzluRlRGdmNZaGx3bmVNelV0YlVqYkZ3LWh1U2E0Rk05V2xjallFbm9NSGhvYTdnck5DSjE5VGRicFZBcjQtci16VnpFb3p6d2ZOVjh6SE8tYnZWdFd2b2tZMXZfeHlQeE5pclMybXdFRVAzcGxoNWlEclpzcHMwWDlSWHZCUzYxTUpua2ZWUjNOaFdfUlZ0RWo4UjQ1VzN5dDlEaEVXU3ZrSExPSG0zZy1vanNLc0ZUS0ZhY05xckNpdw?oc=5,2026-10-09,IA
setorial,Prodata Mobility Brasil,2,diariodotransporte.com.br,"Ônibus elétricos: diferenças entre células reduziram em 22,8% a vida útil das baterias analisadas em estudo internacional - Diário do Transporte",https://news.google.com/rss/articles/CBMi9wFBVV95cUxPNTI5RzFOMG1nY19PRExnUWIxTGxFZDJ4ZXFPV19YeFJaRzZiOTR5UzlvM1RUT2VROTNNSmpGNkZTLUhaUUh0OXZNckRvaEdvalpfRzNfTWJvQWhzWlpfNzl1RzZlU0lkR1FaTWV0V0V3MDlJWlNnekRsUzkxa1JNOG5Wd0tHUXlGbF9zVEhndmhZZDV6NTRQZDRVenBtTVp1SlRsZGVzTVU5eUVQM0ZmT1loMDJuWlE2QXJYbjdVc3o1SE1sNFpNSlhmQ1lwR3VaSy1tVWR6dVlNb1FNbFFZNml2dUczYzhnSGRsNXhfbEFMOTNwSU1V0gH8AUFVX3lxTE1lVzZQd2lQaHZqLWVLYWk3eGtsbERmcTFWOHpwUWJjQVJfaEp2WTV0ZHQ3ek56bmZrdnY3TDc5T3JxWWlZdkYzQnZqZThReEY5SmVhVUhSNFVGTUpKVml0bXczNndTLWI4RllnYjVMd0gxZjF5cklGNXRlc0xkMGNyS0E5aHR0SFI3SG9BYkItTzc1TDgtQUdMcDBJb0VVclJpOVlEOWdMdDU1M2tlLTRiRDhYYTZ1U3R2c1R1a1hCQzJqcGViek5ONHR5Zmo4WnpyMjQ4RjNjREh4Qi1HbHZzcWJpVExsR25teGVheWJ3c0szUXBhY29mSFRjLQ?oc=5,2026-10-09,ônibus|IA
setorial,Prodata Mobility Brasil,2,diariodotransporte.com.br,São Paulo suspende rodízio no feriado de segunda-feira (12) e libera faixas exclusivas de ônibus - Diário do Transporte,https://news.google.com/rss/articles/CBMi1wFBVV95cUxPUXJmdVNpM0FyVVBlUkk0RW5fWThiQjdHUDlXcENUTDRhZHpnZklKUklkRlZCUGxxUWpVclJDcEVLYkFSTXRJTmhRb240amllQk5kWFdTaFNvUGVrcFdicGZLeDUtSzlkb1oyWEdBOXRrVWpHT3RGdjlBMk9HWEs1aDdLWkZERE9ZMklKNzZOMU5ydUtVQnBFTmxLejVQTTFzWkxoLThWM1ExZXZWcE1TVjk2RmRTQ2ppYWJGUlBDajZxMm9UTWlIaHhmZVlTQWVVWXA0eFdMTdIB3AFBVV95cUxOVkhPS3NUSXdVdDdGOVI0LVZyUkZyUHM2X0V2NVRQVUxzMUNpZ2RydEU4Q3plN19zWXh3UjNvS3ctejB4elNFSWVVRVA2YW5aVzdhRGRsVU5uUWdsa0VZZEszSVFyQjhGZVZEdEtvX3hGX0pLYkdXbmYybUxPZ1hLMVNEY04yVGlVZ2RtZmhpZFYzNmwwVndlNTY5SUdtY0ZnZnRPTm52UWhBaWo0OU9pVlJGaW5tVnBubmFxeml3REpycGV0Q0VLVTRGRm1BaTBneHEzX1VGYnVzaFo2?oc=5,2026-10-09,ônibus|IA
setorial,Prodata Mobility Brasil,2,diariodotransporte.com.br,"CTC, Flumitrens, antiga estatal do Metrô e Ciferal Comércio e Indústria firmam acordo para conduzir liquidações no Rio de Janeiro - Diário do Transporte",https://news.google.com/rss/articles/CBMigwJBVV95cUxQaEk5UXhEVXB2bFFiWjE4Y1hFNHZQTjJxdnB5aEZlbEZoZWRFWnFWODRCNjhwdVNqbTV0TGdXaDYzaWp6Yk1NVmhjeWRmWE1TS1dMdEotSHdqNWJtbEpwOUFSMDRyT0c1R0d2LV9uZ2pyZU1FaTVJWkhqcG5LRDBxME1kZno5T3R1QzNoSEVkeElscWJ3Y0NqYVl3WE9PQ3d4SVRYQVluMF91N0tFU3lCQnpOX21VS3JFNGtmTFhYLUE4RmczcnJsb2RIRGxWdmNibW9ZeWZBbnRUcDFxN1AxNncyX3F3TE1sNnJqWkFyTkJWSldNcm8wRV93OEdyWEUtRmxZ0gGIAkFVX3lxTFAzVDdMYVBEeVNVOEtoZXNKaHJ4S1l3TWU0QmdzbkxmNHFEb3M0TlJjUkw3S28zR0lpNXpXWE95R3otVEZrMDM3Y3hZOEtMRDRLVzR5M1pQblgxVlJ6RHkwY0pKVjBVUnNUekp4N1djakVyeldNdER3bnc4TmFOcFk2Z1FCSmNmcFdKTDh0bkU3N2FtRVplMWxmOE1LdXRzcThkRW03cUpzMEVHSVh3LTdnY3A0SkxacHkxT2llcnRKSXM5VEVkcUV5RmlLOUFBSEdadm9mWDhvdTRYc1E2WEE0NGdkUDhPVjBPR0tVS1dmeF95MU5XWnJQZFJQd09VOUs2eW5OLW5DZg?oc=5,2026-10-08,metrô|IA
setorial,Prodata Mobility Brasil,2,diariodotransporte.com.br,Trens e metrô terão operação de domingo no feriado de 12 de outubro em São Paulo - Diário do Transporte,https://news.google.com/rss/articles/CBMixAFBVV95cUxQU21RQWJybWhVYTBpN19MZDAxdTFIcTUxaWZfa3lzMmZ4S244TURnbFE3WWdIR3NpdFJjYzB0SFI5dzV4ak1PbTk4Sk1sbHV4eEJGbEE3T1A2OThmTl9XYmhyQnhUUmhRV3JPdHBpaXlWN3E1dzFnYVZKMDdZLUh4T1NHMTQxWHhnWFdrTWFEaUZzb1JwRGhqcGJiQ1F6NDA4Qm5yTy11WVBFWkR1UlhNYXNPa2VsNlJ4ZFlFMDN4OXZISHBP0gHKAUFVX3lxTFBQUmxBU2hWU2xvazloenFtNXZ2SVhBVTB5cFUxdC00WDc2T3FVOEpaWExUenNwRUlreFJHUkZLLWlLb3drdDNNN1J4R3YzVERtSVJfSVhaemhoWDVRMmFmQlp4bjZST0FxYzNydVo4RjMzc2U3MzJoSUE5YnhEMTVrSGFpTGRXejlJVkVESGhvSEZYeW9fdG1DalVFdS1SaUdFNXRaMWRRRWdlUFk0VlQ5RXNPdTN6eXBMTkk2Z1EwNFY1N1I3YWtfR3c?oc=5,2026-10-09,metrô|IA
setorial,Prodata Mobility Brasil,2,diariodotransporte.com.br,"São Paulo remaneja R$ 16,1 milhões de corredores de ônibus para fiscalização de tráfego e autoriza manejo de árvores no Itaquera–Líder - Diário do Transporte",https://news.google.com/rss/articles/CBMiigJBVV95cUxQSzhiaUpTellSazc4a09MeHd1bFkyVi01djRPaUJaa2R4U0FnUzM4Z0d3S3FYa3ZaWjUtOUxhdW1rOVlQLXRUYjBhWWphZUFqYlRfdHRwcUFYa05teEpPWFBMaEFPd2MyQ0x1UzZkNk9Wc0xiZ2RqZkM1ZjhNY0RjbllKMGNmQTR0bUE5b1dkMEhWNnhWaEVaRUp0cjRhUnoteFVsNHZRU2RJNmZDcWV3R29kM2tuSHlleXQtZGwwV2hmdVRFenBXWVowd1NpX0s5U1g5YlhWTGV3bkNEUzNLclFwbmVEem5DN0xib3kwNEdHazJSZ0YyQk15bzFqMHZZNl8wdTNFT3JsQdIBjwJBVV95cUxPVzh2UTN2bF9yc0pZY0U0TWE4REphQzNQV3NyeEtMMGVCV1JLdEhickNEd2xqY1RIbXNzV3RXWkVRSGdRZG03TV9XdU1CNzVtdmFOM3BWSTNXY2Q5eHRwLV9OQmZ5dHlZdy14ODlYbGVEaUdMWWxuZDIxeWdhY1NUUnBhV1dQWFJTMFpkSEQ4dWFBOUlCWjZJWktVay1rdktNN3JlSTdaX1M2Vk1wY1lRNldJVGgtZzV6WEFoMjg2R0tkNngzX3pKb3lZb0prUy1XNTFiV3dnWXRtUG54VWptRVdvWUZ6UjJpZVdOSlQxNVAtYzN3eVVQb2NYM0JDNE5JVkowVVhzV29ZalRkckxV?oc=5,2026-10-09,ônibus|IA
setorial,Prodata Mobility Brasil,2,diariodotransporte.com.br,ANTT habilita fronteira em Vila Bela da Santíssima Trindade para transporte internacional de passageiros e cargas entre Brasil e Bolívia - Diário do Transporte,https://news.google.com/rss/articles/CBMijwJBVV95cUxQSnpDVXpLOTlQNlByajFJX1dEQm13VTM3TFhOeS1td1g1ZmlUb2pMckhLU0VuTVJZNjUwMU5RUldpbkFzTzFLTm5LVmNXZXUtT0lwWVhORllVZ0ctVXV0Zk5zNmdXOVVpcS1DbDcyMjNCSXpkWFpQNHJGZFBZSUpYenpJdWVwSkxnX1pWLUNwT21YMl8zeWxuYVZrZXE4OUU4S3hhV2k1dllNUlAta2hsYnNGaGhuNFI5ejBZU09qOElWSGduM2ZlTTVJcE5CUVU4WnAzNVplX0Y4aFp2YkJNakdZWDFuMnNwb1pQZ0NRcDQyejFia3dTUHFVUkp4UDhzZXNlVUVjdk9VX3ZoTFB30gGUAkFVX3lxTE1BWG4yQU14cGhtTndBRTFPNGFhamVUWmhjX1RGY044Z1ZVUUsweVJ0SWlRNnI0V3hqY3kyY1hYaVZraDN1VTJXMlcyZW04VmtqbEItZzl6dlJVOFVNdmFqZkQ2WnJkQndoMjMyX05xa1RYWVloUF9MaUg0UVlJdW93WlBfV2gweXcyX25GcVhmcHV5UWotZjh0Qjc2ZEN5YThmbFdhZGN0SVQtdUkyQjRzV3BNUm5PNjhTU3MtV2M5aG96b1gzaHl5ZDloejlnc0hWWlhGanlSangteW81Y2kxZjYzenExUXcwTGJhV2JWRTNaZHhISnhPSERIVmd6RjZaN19zOTlYb2hFRlcwWlpSUjR2Wg?oc=5,2026-10-09,BRT|IA
setorial,Prodata Mobility Brasil,2,diariodotransporte.com.br,Mais Mobi é premiada no Inovacidades 2026 por sistema de biometria facial no transporte público do Rio de Janeiro - Diário do Transporte,https://news.google.com/rss/articles/CBMi8AFBVV95cUxNUTB4UngwVmI5WHZ6cTJrNUJSNlJmNFM2RW9XQVVrTjR4bFNhNmlEdkVJTVN2el9yRWtVTG01YlNCdElsNG1uYjRXR2d0d1dmOEpGX2MwcEN3Z1NPM2VpU3ROazMyMXFxeGdVSk11d0N2YURuamFqQ3JfMzg4ZnoxYnRWT05MaktYMTcwTEVPOHhxcjd2Q2djdWFFS2p6dHN2ZmFtbmtJbk5xNUh0QjFoVHdVcHZxU2JXWEpsTHEzbmtqTU1kVVNfSjd1ZUtVX3g4OXJOTUVIQVBBQ2ZfVHlaTXVhZzJpbDFITTMwQXl1M0vSAfYBQVVfeXFMUGlqMXM1bTQ1V2x2SlRxc0ctU3lWN2lwVjFtUjFzREk0TXhEUmxLbEZ4eWNoOXFBUVVYNFhlQklFUWFvdmxia3F4aWk5bXBQN3pzZkp3VUhyX25NeDJpSzhKYzFKWkZlaFlXWExfcm1LeHlxTTBOS2VwWHZhaE5MNXI3dDJBcXJaQ0VkVkNOVHl3WGpLRWNqV05BT0liOU1YNFRjR1JJM3NBQ2NRUE84ME1xaG1lYjAybzhUaFZfVThBNGl0YVdsUnluSW84Uzk2ejBYSDRZalZHSkh5dTNSSlpYeDJ3c0FvYTZhRlBlanotUkRPeW5R?oc=5,2026-06-17,transporte público|IA
setorial,SONDA,2,diariodotransporte.com.br,Nova linha de ônibus entra em operação na zona norte da capital paulista neste sábado (15) - Diário do Transporte,https://news.google.com/rss/articles/CBMizwFBVV95cUxNdmxPQnlGdnBnMS1QeDZmZTJvZDN0QXNjX0o0bjJ4aERGUFgybktvb2hGbEE4ajlYa195V3I1ZlNISGxPQi1JMkNpUW16OV82X3ZhNWJPUTJud05RQkNDS3F6QjcweUNjTUlvdFNIQVJ5N0EtWG5jZG9kR0VSZG9XN0g3TFRoV3RrdlNvcWhaYnNkWm9KOVlZVGNWQ2M3T3BsZ25QeVIwS01FaVBjd2JpdEVTQVJ0Y3M0em9LbU1LNmYxbXlkWlVtdEVjNGFicUHSAdQBQVVfeXFMTkkxbWpkWFVIOFpyTFVrZWIteGdJX21JRXZtUEZqMXhzQkpNdTFqckEzYjVfX3FHUFNtS1RSVzdnbnRNNFZIZk04V0NFSC1kb2c3Qi1mUzg2YVozOEc1TXZKU0pRNnFWRE9LWkRmQzlRU0ExT0NQTnZnTXJzSjJiNms5c1htNFBldEtXYUV0WFhXVktZM2RUa0NSajlrQ05qY3VHZkZGLVRvbnh1dEdLRFBNZHNLenFSU1B1amFlMmhUcE1IaklST21wcjBDUXl0SF9pSjA?oc=5,2026-08-14,ônibus|IA
setorial,Cittati,2,viatrolebus.com.br,Novo sistema de ônibus começa a operar em Franca com tarifa de R$ 4 - - Via Trolebus,https://news.google.com/rss/articles/CBMipAFBVV95cUxNU0ZRQmIySUx6UGNrMkhodGs1WDA3SUlBNzk3X2VFM1FtLWxYS1YwRTY5R0xGZDZ0d0xDckZqdkY2WUxqNU44ZWxOdm5KN2lEZ3lWSTFfQkM0M2YtWWFWQmpPcFozLVZTNWtoWHRMclpnc1dMblNBWFcxQ0ZSUmtlSlhwZDZMdFRxeVFibW5ndkM2eXdwRWlteVVXaVAydno2Nkx1Ng?oc=5,2026-01-19,ônibus|IA
setorial,ABtec Mobilidade,2,technibus.com.br,Abtec marca presença na Lat.Bus 2026 e inaugura glossário técnico para o setor - technibus.com.br,https://news.google.com/rss/articles/CBMitAFBVV95cUxPTG5fNEcxYVRQa0t3OFpjcVRPbEZKUzJ6UEpKSTBFN3hPY1FlaWlDdEhJQUMyb2tHenZkcVg4QUhJenFTRlM0T3o4ZUFibUhzeVlnVEotNDRxSFlHYldBY2lYN0NEME00cGs1Z1E1QjY2cUVvUHBzWkUtZy1SMmJVUzlpV09BeGFxRTNncUFhSWRFekgwb3hxWnVmYW5aSl95dVNic00ta1Qza0Nodm92ODN4dF8?oc=5,2026-08-26,
setorial,Bus2,2,technibus.com.br,Novas Tecnologias a Serviço da Experiencia do Cliente Oficina de Tecnologia da Lat.Bus 2026 - technibus.com.br,https://news.google.com/rss/articles/CBMixgFBVV95cUxOVlR1a2hfS3p4SWNvdlRERmpzaHdvM2RtSk9JcmxLUTFpZHJKZ19qdmw0VkRHeUllRUpvOWZsYlI4TkpPRWppdms0MnFaemFQVUJ0ZmgtSDhQMkdDSWd6M3VZTFVuMmRzNjEzMnJSNlI0Ni1VQ1dKRUp2TEM5UTV6aElUNW5rSktEamlodk96blAxdnpWZUdxSncwOVNwTzdIUHBENVBzU1dIMVZDT2FkZU5MZzJFcmdDUzRSRjMwZW8xMFlFcGc?oc=5,2026-09-28,IA
setorial,Bus2,2,technibus.com.br,Inteligência artificial no transporte: quando a inovação vai chegar ao passageiro? - technibus.com.br,https://news.google.com/rss/articles/CBMitwFBVV95cUxOTTl6LUZmVjRtMDNraUY5VlMyczZIQm00MDNHZE50QmE4V25wWklNQUxWV2NYU3JaMzh2NUt3d2doMWk5bWZILWtweVR5NUxGQVRnbkJWQ3VCWWdkM09Qc29XLXVqTGUxS2RYSDJhMGo0QldaS2VwcjJZRlFVOGkzZmMyNEpUZUdrTFB5dkU4Q1gyUEhuYnVCOWxuX1R3YlB1ZER2blV1YTVsczVqaThwNWJuZ2tTLUE?oc=5,2026-07-03,inteligência artificial|IA
setorial,Cittati,2,technibus.com.br,A caminho da revolução digital no transporte público - technibus.com.br,https://news.google.com/rss/articles/CBMikgFBVV95cUxQN3hXQVFKV0FQb25RdWdSZ002YUEtb0dvUkdEM2pTZVVuVEpuNDJxX1h3cGo0TnA3bmhCZTJyV2dHdS1sS1gzX3NLcWZYVDVQLVNoUW1ia0g2akNRTTBmVzVhQTY2V2ZBTlFwQ085elZPem91dDAycWRwbmQ1RkNfYzQ4VHp0cXJoRjZuSno0alBWdw?oc=5,2026-06-05,transporte público|IA
setorial,Cittati,2,technibus.com.br,Linha especial ligará Congonhas à Lat.Bus 2026 com integração ao metrô e acesso digital - technibus.com.br,https://news.google.com/rss/articles/CBMiwAFBVV95cUxQSjZvaF9udlhuMUhDN1gzalk2bV9FWjhzLWluVmhYZ2Y2SmlXYlhJR3FkN2VMUXgzUHFkbHNjU0tseGl2Ui1TOVZaRDVqQ1ZqM0ROcVQwNUk2SjVuMFd6VjJJZ0hkLVZKODQwNS04dDRtU211NkN2OHVyUjhZdmFDMUFBZ0ZkdDdqR1o5OXdRT0g2dzkxTFoxMy1oanl5VXVQeHY4MUZSY05FdmhUV29CZmF0LWlPZFZpTTR0YlFDOHk?oc=5,2026-07-29,metrô|IA
setorial,Cittati,2,technibus.com.br,Santo André investiu R$ 41 milhões na mobilidade urbana em 2025 - technibus.com.br,https://news.google.com/rss/articles/CBMinwFBVV95cUxNcS1SMk5DNEg0OEdPQzVpVEpOd1ZZSEZJS0psUC1mWEFZaVpCQTNaQjUzYnZ2T0RlYzN2bkJISFd1OThqRFFIUFVvZmEyWWI2Y3FHUGtJWnFmSElvRHVlYWhHbXNDWGlpZ2c3V3I1cEdwNGUya0dZaEtsTXEtNHRJSmlnWVFWb2lNMllROHhYMEUtZWhydmRxeXg4UnpVNUE?oc=5,2026-01-08,mobilidade urbana
setorial,Cittati,2,technibus.com.br,Espera e pontualidade desafiam transporte público - technibus.com.br,https://news.google.com/rss/articles/CBMijgFBVV95cUxPSDQ0R2V4SnViWlVvNXFkYkRuTHNWOUxhbGJDNjBpVWU5S2lYbnNEd2dQc1pCSnBRb1JFXzRhM0lSOElkZGtfY2NEWjhqUUFLdEFqTEVhMlFPWU5lZmxUNTJ6anhPYk8zenozSWp3MnpZMUlBaTB5ckRUb1BMbGxTNDVTNWs4SU9HTy05SnN3?oc=5,2026-08-18,transporte público|IA
setorial,Cittati,2,technibus.com.br,Agora é só encostar o celular: PIX chega aos ônibus de São Paulo - technibus.com.br,https://news.google.com/rss/articles/CBMioAFBVV95cUxPWDFxVFlBdUQ2RjlsTXhyMmhIZU5nbFk0U3dMOEZkVlB6cTgzUnBrVUN6MEs3VUZTTkM3YThYd1MteEtnUFoxYW5uRXc0cy03Q1FOaXpRaFNIUzUwLW1ma3RNZl92dDNOd2M1UG5QMTNPakkzSS1RZ2VRU01QbHlQcEVXai1McUJlRkZ6dXJQMlU2OEdJaXNTNFBva25keGZK?oc=5,2026-01-21,ônibus|PIX
setorial,Empresa 1,2,technibus.com.br,WhatsApp vira canal de recarga para usuários de transporte público - technibus.com.br,https://news.google.com/rss/articles/CBMipAFBVV95cUxORVM5eWFPRW0tdVhWck5JUTBOMVdRN2RDeTByb3JtalNaX0Y2VkdQUmhwYmptTzdJU2ZrYmJGdkRqcnh2OU5JVjBnN19nanZkSUVpNXBPdzRDM2d4c1R6a0JVYXVwdjZxbkVxcTU2MDQtRE5oMW1XUlFoX2I0ZHVDSzdrckRYSF9YaGdINzFJLWhQZlhJd1F2bGktcktKR1FrTXI5Ug?oc=5,2026-06-05,transporte público|app
setorial,Empresa 1,2,technibus.com.br,Florianópolis investe em tecnologia para aprimorar o transporte coletivo - technibus.com.br,https://news.google.com/rss/articles/CBMirAFBVV95cUxOUEVPRmFXcEZnbXhBYjFkWVNabzJkRDlUN2NvcEU3Vnhmbi1kVFRKUlVvajZmc3EzZHE4TUQzbTZ3ZGdxTklwMkFGekN5QzZIZmJfLU1oQXVzYWJaZjF4RFdJOHNsS010NFlpM05rU3pOODMtMEZKbmR2WXFQc21sRVNsZERrdUwtbFZ2enRiM0dua0JQRVVNY1M4QlMyZTJWSWMyOWIzcmVaaTU3?oc=5,2026-01-06,IA
setorial,Empresa 1,2,technibus.com.br,"Inteligência Artificial (IA), regulação e o futuro do Transporte Rodoviário Interestadual de Passageiros (TRIP) - technibus.com.br",https://news.google.com/rss/articles/CBMi2gFBVV95cUxNdnRQZVd0NW41eVlKM003b3YwVDMyclhKQnA5bW40ZUU1dUJPZ0l2WXVIUFNfWTFTRm5pR2xkWjJQZm55M2U2M0ZGZmZ6akhSeWZ5YkJOUm91YnFOR1RQU3hfeDlLWHVIaU9Yc1dsVjNGRS1LaVBNVFR1ZFJoUWJCeXRoQW9wSFFVaTg0d0JicVFmd29zaFZUemJGS05MaUYtTzJLaGRwdlJVX1pBSDYwcmpZdl9XWTd1UWJNY18tbHNXM0g0ZE94X3ZGcF9SREpoVnFONnpMcmlxUQ?oc=5,2026-09-09,inteligência artificial|IA
setorial,Empresa 1,2,technibus.com.br,BNDES amplia fomento à inovação e reforça papel estratégico na transição verde - technibus.com.br,https://news.google.com/rss/articles/CBMitAFBVV95cUxPWDhJQUluQW9wT1RtRlVsRjEzUEtpUl9CUHZrVkRJZkl3cTl5Q0V0MlVNM2wxbzl4RlBWS3c3aUhsNDA1VXQtb2Nsdmx3ODhXRVpkcWd5bFJyak91X21tMGhUdTJWWU1XYXF0RG5UdmpEdmpwMV9ySF9PM3ZodDVpak9iY3FITXNmRkhmTGtjaVlUM0t6dUpDQWUyQjB3TnBQWGJjYzR5QldBd0VyOTMyU2R2SFA?oc=5,2026-01-22,AVL|IA
setorial,Planeta Informática,2,technibus.com.br,Viação Campos Gerais (VCG) lança ônibus temático para celebrar a Copa do Mundo - technibus.com.br,https://news.google.com/rss/articles/CBMilgFBVV95cUxPX245VGp1MEtrNS13Y0R1U19iTlR5UkJlR0s3bGlua0FJUGJxenh6QXV3bUJhWExNdzROYXF6U1pia1UwSjkzeksyNlNZYmt2dlMwUWx5NXhHeVJCdFNnYlJDSlc3d25WOEY4bnNqdDVrT3lJd0NSNlRGWWN4N1FXNTd3WEFJcEJxWkhXZVd5cG1IdGZiQXc?oc=5,2026-06-12,ônibus|IA
setorial,Prodata Mobility Brasil,2,technibus.com.br,WhatsApp com IA e mais funções - technibus.com.br,https://news.google.com/rss/articles/CBMidEFVX3lxTFBqbWhSbnJvbGhoMTB0VWhrV3ZudG5uRkJTb0ViOWdXcWcxX1VtZF9oQ0wyeEdsVVV0UGhXaW1zQWZMeWxUV2Eyb1RwVWc0ZE1TOW1ETldrcW1RYWdkLW8zWElmZFU4bXM3UVdYS3BQRW1RTWxz?oc=5,2026-06-10,IA|app
setorial,Prodata Mobility Brasil,2,technibus.com.br,Prodata Mais Mobi reforça venda de produtos Riocard Mais para turistas - technibus.com.br,https://news.google.com/rss/articles/CBMiqgFBVV95cUxPcVhRSF94bWM4N1MtX0pqcjJHNEI1RG5vbWlrYmdyaW5zRU45cG4tQlMyZGYyX01nWjNJVlNwZmF2MFFXZGFaRzltd2FNc2hQeTRUOER5ZmQxc1c0S3BUbmMwNVNUWm9DM2p2OV9DbDZOdTRxUVMtYjVxVzMwTnNOS0ZaXzYzZVoxTUVWcUM2dW5LalNWZV9kWHBKSUdld056ZXAyZURxbDRWQQ?oc=5,2026-09-03,
setorial,Prodata Mobility Brasil,2,technibus.com.br,Dez estações do MetrôRio dispõe de pontos de cadastramento do Bilhete Único Intermunicipal (BUI) e da Tarifa Social - technibus.com.br,https://news.google.com/rss/articles/CBMi4wFBVV95cUxQS1FpYjdjcG5XVl9iUzctWFhSX0lWSWZYWmp5S1hWM0lKVG9VSWljbG9vV3ViRG9OVzdWMTRvSVBGYV81RE9adFl4NEF1ZGFHSXJmLWJqSDBvUmlVSTB0MjE4amYyM19XSXdYV0xaQllvTXk4UDN4aDBNOVNaRXdWVmZpRFhkbkJNQ1lvM2FmNkhPRFUzOHNLTElQSkQ5bFB2TzBMVTFKTjFLYU1GczN1Y1VXOVg4RmFKM0ZLdkJsWTNiSmZlYTNGdVpnSjJ6d3g2aG5RdjNsUmF5Z1BEUGExdzVJWQ?oc=5,2026-07-14,metrô|IA
setorial,Transdata,2,technibus.com.br,Ponta Grossa implementa nova solução de bilhetagem digital - technibus.com.br,https://news.google.com/rss/articles/CBMimgFBVV95cUxONFZ4ZzVtR3c0NVZSM2p5ZHI2ZEJjUEdyQ3NYN3FFOW4yelhtY2VwNl91SGpQZjZ2aHVPcUR2Z3d2azBLVnFTZkNqS2NtZFF3cGREVDM2RV9RaVc5M2RpTUNDSi1UQmtkcy1ORzdIcjIwZ2ZTRmN0UUJsU2N2OWtQRTI5S1NFeEJua2FkeFMzQmdUcUpGQ3hHSWh3?oc=5,2026-01-29,bilhetagem
setorial,ABtec Mobilidade,2,antp.org.br,Fabricantes de ônibus já anunciam novidades para a Lat.Bus 2026 - ANTP - Associação Nacional de Transportes Públicos,https://news.google.com/rss/articles/CBMisAFBVV95cUxOcFJZdkhhOU1vNS1ZX3ZJb1ZRNzV5RC0xNVZId28tdGRmYWFUQ1hXZjRaRm1MRlhXNnhyRU00bzNKUkVRWlQzOG9nbXBFZEstaWVzNDcxZVpyMWI3bFoxR2RQTGVmNDNOUkprLURKYU1DZHFFOTFyeUczTnV2WGZIWDA1MGtVcGRlQUJpSms3N1JELWk4bGdqUzFfNlRkTUllUFdPeHhaajgwQUZDbXhzaQ?oc=5,2026-06-15,ônibus|IA
setorial,ABtec Mobilidade,2,antp.org.br,"No Arena ANTP 2025, BYD lança o único ônibus midi de 10 metros com piso baixo montado no Brasil - ANTP - Associação Nacional de Transportes Públicos",https://news.google.com/rss/articles/CBMi2gFBVV95cUxNb095RHlJSndsZEhkdG9aSDlIcmZYR090R2xROGk3Wm1ueFlQdk9kNVNxWFdaNGxVRzFYYVBmTWl1ZXMzZDJhVExGR3B0SWdBdlFoaERPMGs1dk9CbHh5Y0lyNThWOUxkQm1Zdl9xVmxKaHhlNnpPa1UtWDRVQ2xNX3loeldFRzByMUxYRjQ0OTBZTVBLUVNERXVPeDVpTVA5Zm1hU3N4TGRTZ21KSzAwSXQtSDhSNWQ5UXk3dUVTaEZQTlltbWNqc2FVaW1Kc0dfWFE1VE96MEwxQQ?oc=5,2025-10-23,ônibus|IA
setorial,ABtec Mobilidade,2,antp.org.br,"Emissões de ônibus a biometano - o esclarecimento que falta, por Olimpio Alvares - ANTP - Associação Nacional de Transportes Públicos",https://news.google.com/rss/articles/CBMixAFBVV95cUxOWmdnZzVxbDRNVlpEODQwZkFuLTZXVFg5a1Z0SFlfRWRWbnhwaC03TVViT3RYQUNNbF9ncklWMFlYREowMWJLWmFZWHBEY1hnQWoxRVpzVXkyZFFMUk55T0UyLTdHX1NLbWNKN0s4elJCbmF5eWh1cTZ0TS1UcXVrZk9FNnQ1bHRLTjZINHVkeFFsMXI0YS15X21vZDk0MGRjcEtLWUlOZ3FiM3dBRklyRnVUbFZzMkdLN0h1ZVR0RnA0SldD?oc=5,2026-04-13,ônibus|IA
setorial,ABtec Mobilidade,2,antp.org.br,Cláudio de Senna Frederico: transporte público precisa deixar de apenas funcionar para ser desejado pelo passageiro - ANTP - Associação Nacional de Transportes Públicos,https://news.google.com/rss/articles/CBMi9AFBVV95cUxQRllQZTV0a1ZWRTRtNlB2WFRZUGFidHlOOUtVVjd0Sm5jYUtJTHJoSGgzbjdsY242Vm5iaEtOWUZvdkIzMjNkOGc3ek52UkwwdWJNZDhzZGFYLVBydWljNlJ5VFJfc2EtS1Y5VU1MakdIaVBUYzlXR2R2NnVJcW1Gdldiei1yREZEVVJreGJTWHlJYmw2RXNYX3BsNnllTVpsU0t4SHFieVc0RklPWTRMUU14ZlZET0xHRnFRQkFWd2FROURtQmp3OW5xUkhmT1E5QnRIWXcxdDltU2dUZF90Ukdib21QampTU05rcGdUMFN6VkIw?oc=5,2026-09-01,transporte público|IA
setorial,ABtec Mobilidade,2,antp.org.br,“Cada viagem importa”: o que está por trás do sistema de transporte público que Londres defende e sustenta - ANTP - Associação Nacional de Transportes Públicos,https://news.google.com/rss/articles/CBMi5wFBVV95cUxPbjhfVUFCY1ZXOUVtUlpwTXU0dVlOUzNkczR3X2E4RENTNXhfUHk0VUhBR2pDS1B1YTd1YXNuTGY0MGtiRHAzd1d2NDhGZTM4bXUtYUpQX2xES3NqWWNHTElFLVFtMWJiYXllZGRMTUVTZ0xBRWZ0TEZnX3BlZks0R2xHR05mSU5hRHVzN0FDbFV6MXdCV3ZQNjJRQ0l4QUdYLTVWMDZXRGpfQkxKWjV6X1FOQ3FrWVllWV8wSXpha3B4SDN5RVYtVFlMRWdGUmVCLURBNUdnZXpXdzF4SWdfZ1VzLTBWWWc?oc=5,2026-04-07,transporte público|IA
setorial,ABtec Mobilidade,2,antp.org.br,"Quer transporte público de qualidade? Então aceite perder espaço para o carro, por Alexandre Pelegi - ANTP - Associação Nacional de Transportes Públicos",https://news.google.com/rss/articles/CBMi3gFBVV95cUxPVXJjZFNNNDd5NFA5MzJteVFXUVJ6OFJjQjdJaTdsbDBQbkl3TzFRaXZkUWJrTHJ5cUVPWTU2UU9PbDVsejVTbXFXRWU5a3czSWE3Y3lvT2pqemJSMkxsWGxqRjRQcmhVLVQtZkFvTmRrQ2J2OWl5anhQYTlkRTgyY1NNSGpFR1RfYUs5ZDUyZHZDM2dTM0gwTEpVZE9mLWMyVmtLTEZrS1FlN090RFRLNW4xblNMZ1M3cXJuU3A0QnVSMU1DRWstcWJydERDWWQydEtCX2JETDNqOGRwM1E?oc=5,2026-01-10,transporte público|IA
setorial,ABtec Mobilidade,2,gov.br,Prefeitura na Área - Prefeitura de Jundiaí,https://news.google.com/rss/articles/CBMiVkFVX3lxTE11QXNkU0JndndSZUxCVVc5ZnBPdHFnUldtSk9obHliRWRKWGdPcncxbkpPV0xEVXRfQzZkT0NTRWtkc09YVWNWcHNlUkFTaXFyS2d1NjZB?oc=5,2026-02-04,IA
setorial,ABtec Mobilidade,2,gov.br,14 DE JANEIRO DE 2026 – XXXV – Nº 007 – JABOATÃO DOS GUARARAPES - Prefeitura do Jaboatão dos Guararapes,https://news.google.com/rss/articles/CBMitwFBVV95cUxQRlJUSXRvZ3laWnphcVBSNUZCU21WX0xpM1pPc1VGcXRFZW4yU090Q3RvWXVTUTZodDBPTlkzZ1hiN2Z1eG9DRDFCLS1lNnRDUEVyVzVLQVBEX3FYOHJrTldNUkRMdU9NRnRTUnFvRC02WlNia045ODVTOGlyVFdWQVpxNDdteS1wUFB4WFVKNWQ4TjBYelRINy1VeG5iTVhsTWV6aTNPcEk2UWpmME5MM2xiQ3NmbkE?oc=5,2026-01-14,IA
setorial,Bus2,2,gov.br,Boa Vista ganha novas linhas interbairros ligando as zonas Oeste e Norte - Prefeitura Municipal de Boa Vista,https://news.google.com/rss/articles/CBMitwFBVV95cUxQUnhmeHgtcFcwTXhZTXk2RWVrU0lrTXpVaEtMNWhOQmRLZlpTZTJ0TjBLZV9wQWlSREl0dXBMd2ZZQ1VCODJIa1RHQmlGbF8xaEZtR0hzRm4yVFRPb3NGVEs0MEJxT1h6OTczbXNLT3k1ajYzQ3UzNWo5SEs0dV91ai1VeG91dnlnbmNRenl5dmNFaGF0dXF1aXBzNDhYcXA1Nkp1WlNxSjQ0bHQ3WlV1WUlqTjUzRzg?oc=5,2025-10-25,IA
setorial,Bus2,2,gov.br,Foliões passam a contar com ferramenta digital com orientações para chegar de ônibus aos desfiles dos blocos - Prefeitura de Belo Horizonte,https://news.google.com/rss/articles/CBMiwwFBVV95cUxQR1NpNFdPVzA1QUxBS0p2VU42WDNNSGlZWW11dV9vd0pUczgtM0RCMUttRnV6bkw5R05kUVN2a1VnWGtRdXc3cTJ6ZVFRVEFQYldtM1JXQ1NFUEFDRnZpcW9QSXh6M3N2aHlady1RM016YXByTEtFbWdoMzdnbnVpOVplUG1tZ2xGeExuM29LbTFvWjhPdkg5RnZtMDd5V0dpVFFLcFpzTk8xbnFDTkM4TVY3VlBFUlBySmlWakE4MndBTzQ?oc=5,2026-02-12,ônibus
setorial,Bus2,2,gov.br,"Já está em funcionamento o BUS 2, aplicativo que acompanha transporte coletivo urbano - Prefeitura Municipal de Guaxupé",https://news.google.com/rss/articles/CBMi5gFBVV95cUxQMXhfQll5S1lDVkJUY3hDMk90NjNVOVZaNFNtQkZGWWtlNC15STNBTWFlM29LNFdaN3RxeDVGTFB2S1BCYzhkQUNOZFFiVEV6V29XTVNiN3k2RWZOUFZsbzZlYlhfZGc2aXEzellfcVlfN1F1TGRiTHBxMGVkQTNuZ3pIREhYV2lGVk5oeGlldDVHZDd4dGR6Ui1Mc2Uxa0o3ZXlCbWtzMkE5UDBjdFpaLXZOVUd5TTBnXzdEREVObUFibEJEZ3FWTm83Mm9PUmRScXhQblBRUWF0VzROSklpYU5Da1Bhdw?oc=5,2026-03-13,aplicativo
setorial,Bus2,2,gov.br,Transporte público - Prefeitura de Teresópolis,https://news.google.com/rss/articles/CBMib0FVX3lxTE5MUUVPcFJvNGNzZU00Ql9IZnA2aHNjcm0zTnlrLTdDbV9qb0NESDhINFRzb2hseVpRNmlYSjF3YXBiMkM5QV9aaUtpT01qVmR5dTY0aEVNOWM0Sm9NaEkteUh0Nl95SzlZMDU3MnBkSQ?oc=5,2026-06-16,transporte público
setorial,Bus2,2,gov.br,"Emdec amplia abrangência das linhas 375, 381 e 383 - Prefeitura de Campinas",https://news.google.com/rss/articles/CBMinAFBVV95cUxNam5VTlRUMC14NUpYaV9yMUJ5Vk8tM0hpcmhMX2pZT1o4ZjhWOUZxOWllUUJQa1NhQzlucUM2aTRvN3YzNF9qX2xVQzhLemYtbldjNXJvR3h5bFF5ZUNuUGxPT284T1d4OHZ5ZzhWWVpmQzZ1QWV1M1l4R2QySWdjTXhyMEU5d2FxU1h5Tl9wMHo5Nk82UEV6T2tXWmo?oc=5,2026-09-28,IA
setorial,Bus2,2,gov.br,Transporte coletivo é boa opção para o lazer na cidade em feriados e finais de semana - Prefeitura de Campinas,https://news.google.com/rss/articles/CBMizAFBVV95cUxObnFjd3ZHSXpSLTlKalVuYllnWkFMdDhFRlJWaEZ3TFc1Rk9sRktwSE00Wll2UmUxSTIydUhmbjJxajFnTEFOcFAxSWstZ1RxbXRjMzFvRmhxZnBvaHNJZDRiUGFBeG45bkhiMkFfQ19fTlpRUG1zZjk4WEs5YzVTeVFmd0dyMlQ5X1p4UzFfZ1F2aXhOMmxHTG5PQTBEQkxTN3ZVM0pxRFQ4RU14aHJFM0d0ckpGaU90UGJ2bFpCZzgyejFZRnNBaDVjRUg?oc=5,2025-12-29,IA
setorial,Bus2,2,gov.br,Linha 416 – Jardim do Lago - terá reforço na frota e novos horários - Prefeitura de Campinas,https://news.google.com/rss/articles/CBMirwFBVV95cUxNVnV2ZXZJaDdwdW80Mjd5eHYtc3c4d1BIS3ZyV2k0amptM1FqUG5WbGdVdjBlV3NERDhtcHZHWjUtS3FqY2JjcmVqUkdkUkdDWUFWUmZaVV9rald5MFg5emdxSERFM1hjT0xwZThUX2hMR2k1ZTZheUkwTkVkeTFYWDZNZ0RydTZKS3gzTFhxSHdmZW5EcHQ2d2kySEVqcFRFU0QyVk5FcjVrTFZZb1NF?oc=5,2025-11-18,frota
setorial,Bus2,2,gov.br,"Trajetos das linhas 350 e 358 mudam na região do Alphaville, a partir desta segunda-feira, dia 1º - Prefeitura de Campinas",https://news.google.com/rss/articles/CBMi0wFBVV95cUxQTlBiOHFsdjY4Ni0zTnBleEh2eDhqVG1XNmFwbEpUb2tCOEJkVnE3Vm0yU0d1WEIwQ1ctNDd5RHJiazZLWGtXRDdCYnVpWl9xaXVvS2tCM1paQWt2N1U3WjliUUd4XzkwWjNBRnl3b1lJT2FPM1Z6b2ZVLTN4aUpLbTVpeXREcVJUQmNWc0ZHcjR2emt0WFpWQmVlQ3I4ZGoyS0FBTnVYNXJPNVU3NG1yTWg4VGc3WTVJSG1QRTRyTmtKenhpVU00NVFnNWpoTk5FNS13?oc=5,2025-11-28,IA
setorial,Cittati,2,gov.br,Nova plataforma digital facilita uso do transporte coletivo na Grande Florianópolis - Prefeitura Municipal De São José,https://news.google.com/rss/articles/CBMiuAFBVV95cUxQQklJYnBBd19GVFJ6ZndqVnhqMjgzMVBZcmt4OGczdUcwN0JjYUVERXJ0Z2FZMmh5SlpCSFZRUzJHQ20yaExYM0NyNEhvOThhdHhoaUtjNXlVMHpCM2NWWlVKdGZpUGdVMTVKR1Q5U285M2oxVTJTWWRZTjZnellWamhuNEMyVkJuOXZJYzBTTDBrcWxqU0Q0cXVZTE1LcHVrcGNmRVRTWW9FTE9wUHY0dV9BbTBtZ2Ew?oc=5,2026-09-08,IA
setorial,Cittati,2,gov.br,"Transporte coletivo terá ajustes em linhas que atendem a Uesb a partir de segunda-feira, 2 - Prefeitura Municipal de Vitória da Conquista - PMVC",https://news.google.com/rss/articles/CBMiuAFBVV95cUxNbXBJTGZyZVR0VzNVVEoxMXFGLUFtYUhFaW8xUFRpWFlPVWxsVUk4SC1jYXo5VFRNOGtFT19KZXFuMkRzNzlMRE1Bei1KNEJmR2hMem9iWjVnakVrTmxfdVpkRnNuQlV2cHJmZE5VUl9GUGJld2RJdHM0Ny1lTWxRZ2plUE94Ukt3N2hMdG5WUG5PNklPaTJWdjZwTXpLX3I5aHRuaHdqNmFiTHdkVkZoVWVpbWVaNGg1?oc=5,2026-01-31,IA
setorial,Cittati,2,gov.br,Transporte público tem maior nota da série histórica em S. José - Prefeitura de São José dos Campos,https://news.google.com/rss/articles/CBMisgFBVV95cUxOekNaUkpLVkhreW9PNXlOeW5CeGVleEdlTVlJS3padHoxOGo1X2VvZG02MU5QWTRQSjZNb0lMVG5SS2RPN2FjVG1tR1ZZa3JIVGdfRFV4ZUlDb2RCZnFaaTVNU1h6SXlJUzNicmxEZmkyOHpNY2M1YW4tM1JPb09BN2VtSUF0VjhQQzVMeWc2UnBUZmJkSzBOUWtZRFlUSFhwY3RLNFVGTEx5SnJ2NXVwUnF3?oc=5,2026-07-29,transporte público
setorial,Cittati,2,gov.br,São José terá transporte público gratuito no domingo de eleições - Prefeitura de São José dos Campos,https://news.google.com/rss/articles/CBMitwFBVV95cUxNWWRmazlaVVR6cDVsTWJRTDF0RzRmem0zcGtLeTBtODZNaWI0Ung5WER0WmZqclVUTjVNem0zOE5JZjh5VVE4Tmt0RjIydDVISzZjRE9HZXk3ZTd1UW1rT09RS0VIYmlzRkd0VGlrM3d3S01nS01XWkZmNkZQblVrd3VLMzU2dk50ZDRLYTZxT3FXUktCa0dDUUowQ3VPaTFHcmplQ0wteDVIc0g0YmJDUDBPR2xIbnM?oc=5,2026-10-01,transporte público
setorial_direto,,5,diariodotransporte.com.br,Bilhete Único de São Paulo é citado pela UITP entre referências mundiais de bilhetagem e PIX aparece entre novas alternativas para o transporte público,https://diariodotransporte.com.br/2026/10/10/bilhete-unico-de-sao-paulo-e-citado-pela-uitp-entre-referencias-mundiais-de-bilhetagem-e-pix-aparece-entre-novas-alternativas-para-o-transporte-publico/,,bilhetagem|transporte público|IA|PIX
setorial_direto,,5,diariodotransporte.com.br,"Aplicativos são usados por 76% dos paulistas; demora do transporte público acende alerta para ônibus, trens e metrô",https://diariodotransporte.com.br/2026/10/09/aplicativos-sao-usados-por-76-dos-paulistas-demora-do-transporte-publico-acende-alerta-para-onibus-trens-e-metro/,,transporte público|ônibus|metrô|IA|aplicativo
setorial_direto,,5,diariodotransporte.com.br,Prodata Mais Mobi leva tecnologia brasileira ao maior evento de transporte público dos EUA,https://diariodotransporte.com.br/2026/10/09/prodata-mais-mobi-leva-tecnologia-brasileira-ao-maior-evento-de-transporte-publico-dos-eua/,,transporte público|IA
setorial_direto,,5,technibus.com.br,Ler matéria Prodata Mais Mobi leva tecnologia brasileira ao maior evento de transporte público dos EUA,https://technibus.com.br/2026/10/09/prodata-mais-mobi-leva-tecnologia-brasileira-ao-maior-evento-de-transporte-publico-dos-eua,,transporte público|IA
setorial_direto,,4,diariodotransporte.com.br,"Mobi-Rio prorroga apoio ao tráfego do BRT por R$ 6,25 milhões e publica licitação e registros de preços para manutenção dos ônibus",https://diariodotransporte.com.br/2026/10/09/mobi-rio-prorroga-apoio-ao-trafego-do-brt-por-r-625-milhoes-e-publica-licitacao-e-registros-de-precos-para-manutencao-dos-onibus/,,ônibus|BRT|IA
setorial_direto,,3,diariodotransporte.com.br,Marcopolo encerra Lat.Bus 2026 com mais de 300 ônibus comercializados e foco em soluções para a mobilidade,https://diariodotransporte.com.br/2026/08/20/marcopolo-encerra-lat-bus-2026-com-mais-de-300-onibus-comercializados-e-foco-em-solucoes-para-a-mobilidade/,,ônibus|IA
setorial_direto,,3,diariodotransporte.com.br,"Menos espera, integração, transparência, ônibus elétricos: o que o Brasil pode aproveitar do encontro de transporte público da APTA em Chicago",https://diariodotransporte.com.br/2026/10/09/menos-espera-integracao-transparencia-onibus-eletricos-o-que-o-brasil-pode-aproveitar-do-encontro-de-transporte-publico-da-apta-em-chicago/,,transporte público|ônibus|IA
setorial_direto,,3,diariodotransporte.com.br,"Feriado de 12 de outubro: veja cuidados e direitos para viajar de ônibus, fretado, carro e avião, com atenção a Aparecida (SP)",https://diariodotransporte.com.br/2026/10/10/feriado-de-12-de-outubro-veja-cuidados-e-direitos-para-viajar-de-onibus-fretado-carro-e-aviao-com-atencao-a-aparecida-sp/,,ônibus|dados|IA
setorial_direto,,3,diariodotransporte.com.br,Metrô de São Paulo abre licitação para ações de saúde mental e compra de componentes,https://diariodotransporte.com.br/2026/10/09/metro-de-sao-paulo-abre-licitacao-para-acoes-de-saude-mental-e-compra-de-componentes/,,metrô|IA
setorial_direto,,3,viatrolebus.com.br,Mobilidade Urbana,https://viatrolebus.com.br/category/mobilidade-urbana/,,mobilidade urbana|IA
setorial_direto,,3,viatrolebus.com.br,,https://viatrolebus.com.br/2026/06/trem-da-frota-cobrasma-e-energizado-em-recife/,,trem|IA|frota
setorial_direto,,3,technibus.com.br,"Ler matéria Mobilidade urbana exige planejamento integrado, segurança jurídica e novas fontes de financiamento",https://technibus.com.br/2026/10/09/mobilidade-urbana-exige-planejamento-integrado-seguranca-juridica-e-novas-fontes-de-financiamento,,mobilidade urbana|IA
setorial_direto,,3,mobilize.org.br,Metrô e Trem,https://www.mobilize.org.br/noticias/c/metro-e-trem/,,metrô|trem|IA
setorial_direto,,3,mobilize.org.br,BRT e Ônibus,https://www.mobilize.org.br/noticias/c/brt-e-onibus/,,ônibus|BRT|IA
social,Bus2,,www.facebook.com,,https://www.facebook.com/bus2br,,
social,Bus2,,www.instagram.com,,https://www.instagram.com/bus2me/,,
social,Bus2,,www.linkedin.com,,https://www.linkedin.com/company/bus2me/,,
social,Cittati,,facebook.com,,https://facebook.com/cittatitecnologia,,
social,Cittati,,instagram.com,,https://instagram.com/cittatioficial/,,
social,Cittati,,linkedin.com,,https://linkedin.com/company/cittati-tecnologia,,
social,Empresa 1,,www.facebook.com,,https://www.facebook.com/Empresa-1-474693149298847/,,
social,Empresa 1,,www.youtube.com,,https://www.youtube.com/user/Empresa1marketing,,
social,Empresa 1,,www.instagram.com,,https://www.instagram.com/empresa1tec/,,
social,Empresa 1,,www.linkedin.com,,https://www.linkedin.com/company/empresa-1/,,
social,ONBOARD,,www.youtube.com,,https://www.youtube.com/@onboardmobility/videos,,
social,ONBOARD,,www.linkedin.com,,https://www.linkedin.com/company/onboardmobility/posts/?feedView=all,,
social,Planeta Informática,,www.linkedin.com,Linkedin,https://www.linkedin.com/company/planeta-inform%C3%A1tica,,
social,Planeta Informática,,www.facebook.com,Facebook,https://www.facebook.com/Planetainformatica/,,
social,Planeta Informática,,www.youtube.com,YouTube,https://www.youtube.com/channel/UC-BHVgtTAcl64qlwL_AeVvw,,
social,SONDA,,www.linkedin.com,,https://www.linkedin.com/company/sonda/,,
social,SONDA,,www.youtube.com,,https://www.youtube.com/@SONDABrasil,,
social,SONDA,,www.instagram.com,,https://www.instagram.com/sondabrasil/,,
social,SONDA,,www.instagram.com,,https://www.instagram.com/sondatalento,,
social,Transdata,,facebook.com,,http://facebook.com/SomosTransdata,,
social,Transdata,,instagram.com,,http://instagram.com/SomosTransdata,,
social,Transdata,,www.linkedin.com,,https://www.linkedin.com/company/somostransdata/,,
social,Transdata,,www.youtube.com,,https://www.youtube.com/channel/UCW4yiH3ircZnDVIP22IjTUg,,
